[00:14:40] native-base rep 1: starting (load 8.86 13.07 13.62)
[00:14:48] native-base rep 1: up c=1 27520.5 rps p50 0.034 p99 0.053 cpu ms/req {'campfire': 0.0265, 'loadgen': 0.0093} statuses {'200': 110084} err 0
[00:14:52] native-base rep 1: up c=16 133938.0 rps p50 0.119 p99 0.194 cpu ms/req {'campfire': 0.028, 'loadgen': 0.0083} statuses {'200': 535785} err 0
[00:14:56] native-base rep 1: up c=64 134152.7 rps p50 0.474 p99 0.849 cpu ms/req {'campfire': 0.0279, 'loadgen': 0.0084} statuses {'200': 536704} err 0
[00:15:01] native-base rep 1: room_show c=1 229.1 rps p50 4.275 p99 5.443 cpu ms/req {'campfire': 4.2966, 'loadgen': 0.0382} statuses {'200': 917} err 0
[00:15:05] native-base rep 1: room_show c=16 927.7 rps p50 16.911 p99 29.071 cpu ms/req {'campfire': 4.0789, 'loadgen': 0.0212} statuses {'200': 3724} err 0
[00:15:09] native-base rep 1: room_show c=64 924.3 rps p50 67.903 p99 118.719 cpu ms/req {'campfire': 4.1811, 'loadgen': 0.0283} statuses {'200': 3755} err 0
[00:15:14] native-base rep 1: room_show_identity c=1 529.7 rps p50 1.799 p99 2.849 cpu ms/req {'campfire': 1.7414, 'loadgen': 0.145} statuses {'200': 2119} err 0
[00:15:18] native-base rep 1: room_show_identity c=16 1980.4 rps p50 7.875 p99 13.991 cpu ms/req {'campfire': 1.7293, 'loadgen': 0.0749} statuses {'200': 7934} err 0
[00:15:22] native-base rep 1: room_show_identity c=64 2015.1 rps p50 31.039 p99 53.023 cpu ms/req {'campfire': 1.7617, 'loadgen': 0.0748} statuses {'200': 8106} err 0
[00:15:27] native-base rep 1: messages_page c=1 297.2 rps p50 3.305 p99 4.127 cpu ms/req {'campfire': 3.3053, 'loadgen': 0.0377} statuses {'200': 1189} err 0
[00:15:31] native-base rep 1: messages_page c=16 1165.9 rps p50 13.519 p99 21.695 cpu ms/req {'campfire': 3.1238, 'loadgen': 0.0171} statuses {'200': 4677} err 0
[00:15:35] native-base rep 1: messages_page c=64 1208.9 rps p50 51.583 p99 83.839 cpu ms/req {'campfire': 3.1232, 'loadgen': 0.0197} statuses {'200': 4886} err 0
[00:15:40] native-base rep 1: sidebar c=1 1673.8 rps p50 0.592 p99 0.734 cpu ms/req {'campfire': 0.5809, 'loadgen': 0.0109} statuses {'200': 6696} err 0
[00:15:44] native-base rep 1: sidebar c=16 5944.6 rps p50 2.619 p99 4.839 cpu ms/req {'campfire': 0.62, 'loadgen': 0.0117} statuses {'200': 23790} err 0
[00:15:48] native-base rep 1: sidebar c=64 6251.5 rps p50 10.095 p99 17.279 cpu ms/req {'campfire': 0.6043, 'loadgen': 0.0123} statuses {'200': 25069} err 0
[00:15:53] native-base rep 1: post_message c=1 1230.6 rps p50 0.616 p99 11.951 cpu ms/req {'campfire': 0.7028, 'loadgen': 0.0153} statuses {'200': 4923} err 0
[00:15:57] native-base rep 1: post_message c=16 2268.7 rps p50 3.691 p99 24.655 cpu ms/req {'campfire': 0.7371, 'loadgen': 0.0162} statuses {'200': 9090} err 0
[00:16:01] native-base rep 1: post_message c=64 2374.6 rps p50 26.607 p99 47.359 cpu ms/req {'campfire': 0.7478, 'loadgen': 0.0191} statuses {'200': 9548} err 0
[00:16:24] native-base rep 1: cable 1000 ready 1000 tput 91.7 msg/s all p50 16.703 cpu us/delivery {'campfire': 36.01, 'loadgen': 24.09} mem {'before': {'peak_anon_mb': 294.5}, 'connect': {'peak_anon_mb': 439.0, 'end_anon_mb': 439.0, 'peak_threads': 115, 'thrust_peak_anon_mb': 0, 'cgroup_peak_mb': 0}, 'connected': {'peak_anon_mb': 443.7, 'end_anon_mb': 443.7, 'peak_threads': 115, 'thrust_peak_anon_mb': 0, 'cgroup_peak_mb': 0}, 'paced': {'peak_anon_mb': 463.8, 'end_anon_mb': 463.8, 'peak_threads': 115, 'thrust_peak_anon_mb': 0, 'cgroup_peak_mb': 0}, 'paced_drained': {'peak_anon_mb': 463.8, 'end_anon_mb': 463.8, 'peak_threads': 115, 'thrust_peak_anon_mb': 0, 'cgroup_peak_mb': 0}, 'saturated': {'peak_anon_mb': 478.6, 'end_anon_mb': 478.6, 'peak_threads': 115, 'thrust_peak_anon_mb': 0, 'cgroup_peak_mb': 0}, 'saturated_posted': {'peak_anon_mb': 478.6, 'end_anon_mb': 478.6, 'peak_threads': 115, 'thrust_peak_anon_mb': 0, 'cgroup_peak_mb': 0}, 'saturated_drained': {'peak_anon_mb': 478.6, 'end_anon_mb': 478.6, 'peak_threads': 115, 'thrust_peak_anon_mb': 0, 'cgroup_peak_mb': 0}, 'done': {'peak_anon_mb': 478.6, 'end_anon_mb': 475.4, 'peak_threads': 115, 'thrust_peak_anon_mb': 0, 'cgroup_peak_mb': 0}}
[00:16:24] native-lto rep 1: starting (load 8.14 11.53 13.00)
[00:16:31] native-lto rep 1: up c=1 29342.1 rps p50 0.033 p99 0.04 cpu ms/req {'campfire': 0.0241, 'loadgen': 0.0092} statuses {'200': 117370} err 0
[00:16:35] native-lto rep 1: up c=16 141676.3 rps p50 0.112 p99 0.178 cpu ms/req {'campfire': 0.0264, 'loadgen': 0.0083} statuses {'200': 566737} err 0
[00:16:39] native-lto rep 1: up c=64 137758.4 rps p50 0.461 p99 0.83 cpu ms/req {'campfire': 0.027, 'loadgen': 0.0089} statuses {'200': 551133} err 0
[00:16:44] native-lto rep 1: room_show c=1 240.7 rps p50 4.065 p99 4.975 cpu ms/req {'campfire': 4.0871, 'loadgen': 0.0318} statuses {'200': 964} err 0
[00:16:48] native-lto rep 1: room_show c=16 904.4 rps p50 17.375 p99 30.143 cpu ms/req {'campfire': 4.163, 'loadgen': 0.0257} statuses {'200': 3632} err 0
[00:16:52] native-lto rep 1: room_show c=64 923.4 rps p50 67.583 p99 118.847 cpu ms/req {'campfire': 4.2102, 'loadgen': 0.031} statuses {'200': 3748} err 0
[00:16:57] native-lto rep 1: room_show_identity c=1 617.5 rps p50 1.58 p99 2.101 cpu ms/req {'campfire': 1.5095, 'loadgen': 0.1031} statuses {'200': 2471} err 0
[00:17:01] native-lto rep 1: room_show_identity c=16 2127.9 rps p50 7.371 p99 12.359 cpu ms/req {'campfire': 1.6176, 'loadgen': 0.0763} statuses {'200': 8525} err 0
[00:17:06] native-lto rep 1: room_show_identity c=64 2154.0 rps p50 29.071 p99 50.559 cpu ms/req {'campfire': 1.648, 'loadgen': 0.0707} statuses {'200': 8665} err 0
[00:17:11] native-lto rep 1: messages_page c=1 317.1 rps p50 3.105 p99 3.817 cpu ms/req {'campfire': 3.1048, 'loadgen': 0.0284} statuses {'200': 1269} err 0
[00:17:15] native-lto rep 1: messages_page c=16 1181.9 rps p50 13.287 p99 22.271 cpu ms/req {'campfire': 3.0515, 'loadgen': 0.0163} statuses {'200': 4742} err 0
[00:17:19] native-lto rep 1: messages_page c=64 1227.9 rps p50 50.847 p99 85.311 cpu ms/req {'campfire': 3.0933, 'loadgen': 0.0216} statuses {'200': 4972} err 0
[00:17:24] native-lto rep 1: sidebar c=1 1473.3 rps p50 0.66 p99 1.023 cpu ms/req {'campfire': 0.6532, 'loadgen': 0.0143} statuses {'200': 5894} err 0
[00:17:28] native-lto rep 1: sidebar c=16 5726.9 rps p50 2.705 p99 5.091 cpu ms/req {'campfire': 0.6222, 'loadgen': 0.0137} statuses {'200': 22919} err 0
[00:17:32] native-lto rep 1: sidebar c=64 6518.9 rps p50 9.703 p99 16.575 cpu ms/req {'campfire': 0.5717, 'loadgen': 0.0116} statuses {'200': 26133} err 0
[00:17:37] native-lto rep 1: post_message c=1 1221.5 rps p50 0.634 p99 11.711 cpu ms/req {'campfire': 0.7143, 'loadgen': 0.0168} statuses {'200': 4886} err 0
[00:17:41] native-lto rep 1: post_message c=16 2395.1 rps p50 3.687 p99 19.647 cpu ms/req {'campfire': 0.7434, 'loadgen': 0.0172} statuses {'200': 9604} err 0
[00:17:45] native-lto rep 1: post_message c=64 1977.2 rps p50 27.215 p99 101.439 cpu ms/req {'campfire': 0.7534, 'loadgen': 0.0208} statuses {'200': 7964} err 0
[00:18:08] native-lto rep 1: cable 1000 ready 1000 tput 78.5 msg/s all p50 16.575 cpu us/delivery {'campfire': 36.44, 'loadgen': 24.61} mem {'before': {'peak_anon_mb': 285.1}, 'connect': {'peak_anon_mb': 426.6, 'end_anon_mb': 426.6, 'peak_threads': 111, 'thrust_peak_anon_mb': 0, 'cgroup_peak_mb': 0}, 'connected': {'peak_anon_mb': 434.4, 'end_anon_mb': 434.4, 'peak_threads': 111, 'thrust_peak_anon_mb': 0, 'cgroup_peak_mb': 0}, 'paced': {'peak_anon_mb': 454.7, 'end_anon_mb': 454.7, 'peak_threads': 111, 'thrust_peak_anon_mb': 0, 'cgroup_peak_mb': 0}, 'paced_drained': {'peak_anon_mb': 454.7, 'end_anon_mb': 454.7, 'peak_threads': 111, 'thrust_peak_anon_mb': 0, 'cgroup_peak_mb': 0}, 'saturated': {'peak_anon_mb': 467.0, 'end_anon_mb': 466.9, 'peak_threads': 111, 'thrust_peak_anon_mb': 0, 'cgroup_peak_mb': 0}, 'saturated_posted': {'peak_anon_mb': 466.9, 'end_anon_mb': 466.9, 'peak_threads': 111, 'thrust_peak_anon_mb': 0, 'cgroup_peak_mb': 0}, 'saturated_drained': {'peak_anon_mb': 466.9, 'end_anon_mb': 466.9, 'peak_threads': 111, 'thrust_peak_anon_mb': 0, 'cgroup_peak_mb': 0}, 'done': {'peak_anon_mb': 466.9, 'end_anon_mb': 466.9, 'peak_threads': 111, 'thrust_peak_anon_mb': 0, 'cgroup_peak_mb': 0}}
[00:18:08] native-tuned rep 1: starting (load 8.13 10.45 12.44)
[00:18:15] native-tuned rep 1: up c=1 28505.1 rps p50 0.033 p99 0.055 cpu ms/req {'campfire': 0.0244, 'loadgen': 0.01} statuses {'200': 114022} err 0
[00:18:19] native-tuned rep 1: up c=16 144535.4 rps p50 0.11 p99 0.178 cpu ms/req {'campfire': 0.0258, 'loadgen': 0.0086} statuses {'200': 578176} err 0
[00:18:23] native-tuned rep 1: up c=64 144794.5 rps p50 0.438 p99 0.823 cpu ms/req {'campfire': 0.0255, 'loadgen': 0.009} statuses {'200': 579285} err 0
[00:18:28] native-tuned rep 1: room_show c=1 240.8 rps p50 4.093 p99 5.067 cpu ms/req {'campfire': 4.0871, 'loadgen': 0.0402} statuses {'200': 964} err 0
[00:18:32] native-tuned rep 1: room_show c=16 962.7 rps p50 16.367 p99 28.223 cpu ms/req {'campfire': 3.9322, 'loadgen': 0.0201} statuses {'200': 3863} err 0
[00:18:36] native-tuned rep 1: room_show c=64 938.3 rps p50 66.623 p99 116.543 cpu ms/req {'campfire': 4.1045, 'loadgen': 0.0294} statuses {'200': 3808} err 0
[00:18:41] native-tuned rep 1: room_show_identity c=1 577.5 rps p50 1.689 p99 2.241 cpu ms/req {'campfire': 1.5931, 'loadgen': 0.138} statuses {'200': 2310} err 0
[00:18:45] native-tuned rep 1: room_show_identity c=16 2149.8 rps p50 7.287 p99 12.303 cpu ms/req {'campfire': 1.6028, 'loadgen': 0.0792} statuses {'200': 8610} err 0
[00:18:49] native-tuned rep 1: room_show_identity c=64 2117.3 rps p50 29.615 p99 50.463 cpu ms/req {'campfire': 1.6794, 'loadgen': 0.0747} statuses {'200': 8515} err 0
[00:18:54] native-tuned rep 1: messages_page c=1 294.5 rps p50 3.347 p99 4.103 cpu ms/req {'campfire': 3.3447, 'loadgen': 0.032} statuses {'200': 1178} err 0
[00:18:58] native-tuned rep 1: messages_page c=16 1184.8 rps p50 13.335 p99 21.791 cpu ms/req {'campfire': 3.017, 'loadgen': 0.0191} statuses {'200': 4753} err 0
[00:19:02] native-tuned rep 1: messages_page c=64 1198.7 rps p50 52.383 p99 84.671 cpu ms/req {'campfire': 3.1602, 'loadgen': 0.022} statuses {'200': 4851} err 0
[00:19:07] native-tuned rep 1: sidebar c=1 1536.7 rps p50 0.636 p99 0.947 cpu ms/req {'campfire': 0.6296, 'loadgen': 0.014} statuses {'200': 6147} err 0
[00:19:11] native-tuned rep 1: sidebar c=16 6082.4 rps p50 2.559 p99 4.675 cpu ms/req {'campfire': 0.5874, 'loadgen': 0.0123} statuses {'200': 24345} err 0
[00:19:15] native-tuned rep 1: sidebar c=64 6163.2 rps p50 10.247 p99 17.183 cpu ms/req {'campfire': 0.5959, 'loadgen': 0.0136} statuses {'200': 24704} err 0
[00:19:20] native-tuned rep 1: post_message c=1 1071.1 rps p50 0.683 p99 12.431 cpu ms/req {'campfire': 0.8075, 'loadgen': 0.0214} statuses {'200': 4285} err 0
[00:19:24] native-tuned rep 1: post_message c=16 2082.9 rps p50 4.267 p99 23.679 cpu ms/req {'campfire': 0.8442, 'loadgen': 0.0232} statuses {'200': 8363} err 0
[00:19:28] native-tuned rep 1: post_message c=64 2393.1 rps p50 26.303 p99 47.455 cpu ms/req {'campfire': 0.7568, 'loadgen': 0.0235} statuses {'200': 9646} err 0
[00:19:52] native-tuned rep 1: cable 1000 ready 1000 tput 83.5 msg/s all p50 16.607 cpu us/delivery {'campfire': 39.63, 'loadgen': 26.95} mem {'before': {'peak_anon_mb': 280.0}, 'connect': {'peak_anon_mb': 428.5, 'end_anon_mb': 428.5, 'peak_threads': 102, 'thrust_peak_anon_mb': 0, 'cgroup_peak_mb': 0}, 'connected': {'peak_anon_mb': 429.1, 'end_anon_mb': 429.1, 'peak_threads': 102, 'thrust_peak_anon_mb': 0, 'cgroup_peak_mb': 0}, 'paced': {'peak_anon_mb': 449.3, 'end_anon_mb': 449.3, 'peak_threads': 102, 'thrust_peak_anon_mb': 0, 'cgroup_peak_mb': 0}, 'paced_drained': {'peak_anon_mb': 449.3, 'end_anon_mb': 449.3, 'peak_threads': 102, 'thrust_peak_anon_mb': 0, 'cgroup_peak_mb': 0}, 'saturated': {'peak_anon_mb': 467.8, 'end_anon_mb': 467.8, 'peak_threads': 102, 'thrust_peak_anon_mb': 0, 'cgroup_peak_mb': 0}, 'saturated_posted': {'peak_anon_mb': 467.8, 'end_anon_mb': 467.8, 'peak_threads': 102, 'thrust_peak_anon_mb': 0, 'cgroup_peak_mb': 0}, 'saturated_drained': {'peak_anon_mb': 467.8, 'end_anon_mb': 467.8, 'peak_threads': 102, 'thrust_peak_anon_mb': 0, 'cgroup_peak_mb': 0}, 'done': {'peak_anon_mb': 467.9, 'end_anon_mb': 467.9, 'peak_threads': 102, 'thrust_peak_anon_mb': 0, 'cgroup_peak_mb': 0}}
[00:19:52] native-base-je rep 1: starting (load 10.72 10.74 12.33)
[00:19:59] native-base-je rep 1: up c=1 25630.9 rps p50 0.037 p99 0.065 cpu ms/req {'campfire': 0.0288, 'loadgen': 0.0097} statuses {'200': 102525} err 0
[00:20:03] native-base-je rep 1: up c=16 128294.2 rps p50 0.124 p99 0.204 cpu ms/req {'campfire': 0.0292, 'loadgen': 0.0087} statuses {'200': 513211} err 0
[00:20:07] native-base-je rep 1: up c=64 134643.9 rps p50 0.472 p99 0.854 cpu ms/req {'campfire': 0.0279, 'loadgen': 0.0086} statuses {'200': 538673} err 0
[00:20:12] native-base-je rep 1: room_show c=1 233.7 rps p50 4.227 p99 5.011 cpu ms/req {'campfire': 4.2246, 'loadgen': 0.0384} statuses {'200': 935} err 0
[00:20:16] native-base-je rep 1: room_show c=16 877.7 rps p50 17.871 p99 30.367 cpu ms/req {'campfire': 4.3392, 'loadgen': 0.0308} statuses {'200': 3526} err 0
[00:20:20] native-base-je rep 1: room_show c=64 827.9 rps p50 75.199 p99 131.455 cpu ms/req {'campfire': 4.7108, 'loadgen': 0.0493} statuses {'200': 3371} err 0
[00:20:25] native-base-je rep 1: room_show_identity c=1 531.7 rps p50 1.837 p99 2.547 cpu ms/req {'campfire': 1.7301, 'loadgen': 0.1622} statuses {'200': 2127} err 0
[00:20:29] native-base-je rep 1: room_show_identity c=16 2183.0 rps p50 7.123 p99 12.359 cpu ms/req {'campfire': 1.5849, 'loadgen': 0.0793} statuses {'200': 8745} err 0
[00:20:33] native-base-je rep 1: room_show_identity c=64 2240.3 rps p50 27.839 p99 49.343 cpu ms/req {'campfire': 1.6056, 'loadgen': 0.0768} statuses {'200': 9006} err 0
[00:20:38] native-base-je rep 1: messages_page c=1 289.0 rps p50 3.365 p99 4.855 cpu ms/req {'campfire': 3.4054, 'loadgen': 0.0321} statuses {'200': 1157} err 0
[00:20:42] native-base-je rep 1: messages_page c=16 1130.8 rps p50 13.895 p99 22.703 cpu ms/req {'campfire': 3.1841, 'loadgen': 0.0377} statuses {'200': 4535} err 0
[00:20:46] native-base-je rep 1: messages_page c=64 1200.4 rps p50 52.383 p99 84.735 cpu ms/req {'campfire': 3.1466, 'loadgen': 0.0406} statuses {'200': 4856} err 0
[00:20:51] native-base-je rep 1: sidebar c=1 1316.9 rps p50 0.732 p99 1.137 cpu ms/req {'campfire': 0.7345, 'loadgen': 0.0188} statuses {'200': 5269} err 0
[00:20:55] native-base-je rep 1: sidebar c=16 6309.5 rps p50 2.437 p99 4.807 cpu ms/req {'campfire': 0.5822, 'loadgen': 0.0146} statuses {'200': 25250} err 0
[00:20:59] native-base-je rep 1: sidebar c=64 5622.4 rps p50 11.095 p99 20.079 cpu ms/req {'campfire': 0.6785, 'loadgen': 0.0259} statuses {'200': 22536} err 0
[00:21:04] native-base-je rep 1: post_message c=1 1106.5 rps p50 0.704 p99 12.055 cpu ms/req {'campfire': 0.8155, 'loadgen': 0.0191} statuses {'200': 4427} err 0
[00:21:08] native-base-je rep 1: post_message c=16 2304.1 rps p50 3.801 p99 20.703 cpu ms/req {'campfire': 0.7621, 'loadgen': 0.0181} statuses {'200': 9224} err 0
[00:21:12] native-base-je rep 1: post_message c=64 2402.5 rps p50 26.511 p99 45.759 cpu ms/req {'campfire': 0.7509, 'loadgen': 0.0208} statuses {'200': 9669} err 0
[00:21:36] native-base-je rep 1: cable 1000 ready 1000 tput 82.9 msg/s all p50 14.903 cpu us/delivery {'campfire': 40.24, 'loadgen': 26.76} mem {'before': {'peak_anon_mb': 404.4}, 'connect': {'peak_anon_mb': 542.3, 'end_anon_mb': 542.3, 'peak_threads': 143, 'thrust_peak_anon_mb': 0, 'cgroup_peak_mb': 0}, 'connected': {'peak_anon_mb': 552.9, 'end_anon_mb': 552.9, 'peak_threads': 143, 'thrust_peak_anon_mb': 0, 'cgroup_peak_mb': 0}, 'paced': {'peak_anon_mb': 581.1, 'end_anon_mb': 574.3, 'peak_threads': 143, 'thrust_peak_anon_mb': 0, 'cgroup_peak_mb': 0}, 'paced_drained': {'peak_anon_mb': 574.3, 'end_anon_mb': 574.3, 'peak_threads': 143, 'thrust_peak_anon_mb': 0, 'cgroup_peak_mb': 0}, 'saturated': {'peak_anon_mb': 626.1, 'end_anon_mb': 590.9, 'peak_threads': 143, 'thrust_peak_anon_mb': 0, 'cgroup_peak_mb': 0}, 'saturated_posted': {'peak_anon_mb': 590.9, 'end_anon_mb': 590.9, 'peak_threads': 143, 'thrust_peak_anon_mb': 0, 'cgroup_peak_mb': 0}, 'saturated_drained': {'peak_anon_mb': 590.9, 'end_anon_mb': 590.9, 'peak_threads': 143, 'thrust_peak_anon_mb': 0, 'cgroup_peak_mb': 0}, 'done': {'peak_anon_mb': 590.9, 'end_anon_mb': 590.7, 'peak_threads': 143, 'thrust_peak_anon_mb': 0, 'cgroup_peak_mb': 0}}
[00:21:36] native-base-mi rep 1: starting (load 9.88 10.58 12.12)
[00:21:43] native-base-mi rep 1: up c=1 26195.1 rps p50 0.037 p99 0.045 cpu ms/req {'campfire': 0.0283, 'loadgen': 0.0091} statuses {'200': 104783} err 0
[00:21:47] native-base-mi rep 1: up c=16 136381.2 rps p50 0.117 p99 0.192 cpu ms/req {'campfire': 0.0275, 'loadgen': 0.0085} statuses {'200': 545557} err 0
[00:21:51] native-base-mi rep 1: up c=64 126618.7 rps p50 0.492 p99 1.077 cpu ms/req {'campfire': 0.0296, 'loadgen': 0.0094} statuses {'200': 506634} err 0
[00:21:56] native-base-mi rep 1: room_show c=1 196.1 rps p50 4.887 p99 7.259 cpu ms/req {'campfire': 4.9936, 'loadgen': 0.0593} statuses {'200': 785} err 0
[00:22:00] native-base-mi rep 1: room_show c=16 667.6 rps p50 23.455 p99 40.479 cpu ms/req {'campfire': 5.5274, 'loadgen': 0.0618} statuses {'200': 2683} err 0
[00:22:04] native-base-mi rep 1: room_show c=64 686.6 rps p50 90.879 p99 162.175 cpu ms/req {'campfire': 5.6464, 'loadgen': 0.0692} statuses {'200': 2800} err 0
[00:22:09] native-base-mi rep 1: room_show_identity c=1 446.7 rps p50 2.137 p99 3.749 cpu ms/req {'campfire': 2.0761, 'loadgen': 0.1597} statuses {'200': 1787} err 0
[00:22:13] native-base-mi rep 1: room_show_identity c=16 2049.9 rps p50 7.623 p99 13.047 cpu ms/req {'campfire': 1.6705, 'loadgen': 0.0787} statuses {'200': 8213} err 0
[00:22:17] native-base-mi rep 1: room_show_identity c=64 2158.1 rps p50 28.911 p99 50.591 cpu ms/req {'campfire': 1.6565, 'loadgen': 0.0694} statuses {'200': 8681} err 0
[00:22:22] native-base-mi rep 1: messages_page c=1 287.3 rps p50 3.409 p99 4.191 cpu ms/req {'campfire': 3.4174, 'loadgen': 0.0352} statuses {'200': 1150} err 0
[00:22:26] native-base-mi rep 1: messages_page c=16 1158.0 rps p50 13.575 p99 22.127 cpu ms/req {'campfire': 3.1733, 'loadgen': 0.0174} statuses {'200': 4645} err 0
[00:22:30] native-base-mi rep 1: messages_page c=64 1222.7 rps p50 51.231 p99 83.455 cpu ms/req {'campfire': 3.1163, 'loadgen': 0.0214} statuses {'200': 4945} err 0
[00:22:35] native-base-mi rep 1: sidebar c=1 1531.4 rps p50 0.638 p99 0.935 cpu ms/req {'campfire': 0.6334, 'loadgen': 0.0137} statuses {'200': 6126} err 0
[00:22:39] native-base-mi rep 1: sidebar c=16 4861.3 rps p50 2.987 p99 7.255 cpu ms/req {'campfire': 0.7425, 'loadgen': 0.0213} statuses {'200': 19461} err 0
[00:22:43] native-base-mi rep 1: sidebar c=64 4781.1 rps p50 12.831 p99 25.647 cpu ms/req {'campfire': 0.7948, 'loadgen': 0.0309} statuses {'200': 19174} err 0
[00:22:48] native-base-mi rep 1: post_message c=1 483.6 rps p50 1.192 p99 21.535 cpu ms/req {'campfire': 1.433, 'loadgen': 0.0724} statuses {'200': 1940} err 0
[00:22:52] native-base-mi rep 1: post_message c=16 1004.2 rps p50 10.815 p99 47.295 cpu ms/req {'campfire': 1.5478, 'loadgen': 0.0777} statuses {'200': 4025} err 0
[00:22:56] native-base-mi rep 1: post_message c=64 1070.1 rps p50 57.055 p99 110.335 cpu ms/req {'campfire': 1.6288, 'loadgen': 0.0772} statuses {'200': 4359} err 0
[00:23:20] native-base-mi rep 1: cable 1000 ready 1000 tput 42.9 msg/s all p50 42.271 cpu us/delivery {'campfire': 75.49, 'loadgen': 44.72} mem {'before': {'peak_anon_mb': 275.5}, 'connect': {'peak_anon_mb': 418.5, 'end_anon_mb': 418.5, 'peak_threads': 104, 'thrust_peak_anon_mb': 0, 'cgroup_peak_mb': 0}, 'connected': {'peak_anon_mb': 418.5, 'end_anon_mb': 418.5, 'peak_threads': 104, 'thrust_peak_anon_mb': 0, 'cgroup_peak_mb': 0}, 'paced': {'peak_anon_mb': 442.8, 'end_anon_mb': 433.3, 'peak_threads': 104, 'thrust_peak_anon_mb': 0, 'cgroup_peak_mb': 0}, 'paced_drained': {'peak_anon_mb': 433.3, 'end_anon_mb': 433.3, 'peak_threads': 104, 'thrust_peak_anon_mb': 0, 'cgroup_peak_mb': 0}, 'saturated': {'peak_anon_mb': 441.8, 'end_anon_mb': 439.6, 'peak_threads': 104, 'thrust_peak_anon_mb': 0, 'cgroup_peak_mb': 0}, 'saturated_posted': {'peak_anon_mb': 439.6, 'end_anon_mb': 439.6, 'peak_threads': 104, 'thrust_peak_anon_mb': 0, 'cgroup_peak_mb': 0}, 'saturated_drained': {'peak_anon_mb': 439.6, 'end_anon_mb': 439.6, 'peak_threads': 104, 'thrust_peak_anon_mb': 0, 'cgroup_peak_mb': 0}, 'done': {'peak_anon_mb': 439.6, 'end_anon_mb': 432.9, 'peak_threads': 104, 'thrust_peak_anon_mb': 0, 'cgroup_peak_mb': 0}}
[00:23:20] native-tuned-mi rep 1: starting (load 34.88 17.21 14.22)
[00:23:27] native-tuned-mi rep 1: up c=1 8342.1 rps p50 0.081 p99 0.923 cpu ms/req {'campfire': 0.0551, 'loadgen': 0.0275} statuses {'200': 33369} err 0
[00:23:31] native-tuned-mi rep 1: up c=16 53979.8 rps p50 0.232 p99 1.661 cpu ms/req {'campfire': 0.043, 'loadgen': 0.0133} statuses {'200': 215962} err 0
[00:23:35] native-tuned-mi rep 1: up c=64 87010.0 rps p50 0.694 p99 1.943 cpu ms/req {'campfire': 0.0392, 'loadgen': 0.0119} statuses {'200': 348169} err 0
[00:23:40] native-tuned-mi rep 1: room_show c=1 118.5 rps p50 8.183 p99 13.039 cpu ms/req {'campfire': 7.3629, 'loadgen': 0.1874} statuses {'200': 474} err 0
[00:23:44] native-tuned-mi rep 1: room_show c=16 498.8 rps p50 31.055 p99 55.775 cpu ms/req {'campfire': 6.9791, 'loadgen': 0.122} statuses {'200': 2006} err 0
[00:23:48] native-tuned-mi rep 1: room_show c=64 564.2 rps p50 109.183 p99 196.223 cpu ms/req {'campfire': 6.6739, 'loadgen': 0.117} statuses {'200': 2312} err 0
[00:23:53] native-tuned-mi rep 1: room_show_identity c=1 241.1 rps p50 3.811 p99 8.775 cpu ms/req {'campfire': 3.2953, 'loadgen': 0.367} statuses {'200': 965} err 0
[00:23:57] native-tuned-mi rep 1: room_show_identity c=16 1335.1 rps p50 11.407 p99 23.327 cpu ms/req {'campfire': 2.5107, 'loadgen': 0.1813} statuses {'200': 5349} err 0
[00:24:02] native-tuned-mi rep 1: room_show_identity c=64 1702.9 rps p50 35.967 p99 73.471 cpu ms/req {'campfire': 2.0543, 'loadgen': 0.12} statuses {'200': 6849} err 0
[00:24:07] native-tuned-mi rep 1: messages_page c=1 111.7 rps p50 8.423 p99 20.863 cpu ms/req {'campfire': 6.689, 'loadgen': 0.2513} statuses {'200': 447} err 0
[00:24:11] native-tuned-mi rep 1: messages_page c=16 555.4 rps p50 27.391 p99 59.167 cpu ms/req {'campfire': 5.6407, 'loadgen': 0.1257} statuses {'200': 2232} err 0
[00:24:15] native-tuned-mi rep 1: messages_page c=64 727.7 rps p50 86.271 p99 145.919 cpu ms/req {'campfire': 5.0611, 'loadgen': 0.1021} statuses {'200': 2948} err 0
[00:24:20] native-tuned-mi rep 1: sidebar c=1 777.7 rps p50 1.184 p99 2.919 cpu ms/req {'campfire': 1.1022, 'loadgen': 0.0543} statuses {'200': 3112} err 0
[00:24:24] native-tuned-mi rep 1: sidebar c=16 4300.9 rps p50 3.529 p99 7.663 cpu ms/req {'campfire': 0.8148, 'loadgen': 0.029} statuses {'200': 17220} err 0
[00:24:28] native-tuned-mi rep 1: sidebar c=64 3619.0 rps p50 17.263 p99 31.231 cpu ms/req {'campfire': 1.0264, 'loadgen': 0.0479} statuses {'200': 14526} err 0
[00:24:33] native-tuned-mi rep 1: post_message c=1 530.7 rps p50 1.473 p99 15.503 cpu ms/req {'campfire': 1.5261, 'loadgen': 0.0835} statuses {'200': 2123} err 0
[00:24:37] native-tuned-mi rep 1: post_message c=16 1435.9 rps p50 7.123 p99 40.447 cpu ms/req {'campfire': 1.3126, 'loadgen': 0.0562} statuses {'200': 5752} err 0
[00:24:41] native-tuned-mi rep 1: post_message c=64 1389.8 rps p50 44.767 p99 86.463 cpu ms/req {'campfire': 1.3, 'loadgen': 0.0616} statuses {'200': 5600} err 0
[00:25:04] native-tuned-mi rep 1: cable 1000 ready 1000 tput 44.1 msg/s all p50 29.503 cpu us/delivery {'campfire': 76.18, 'loadgen': 47.23} mem {'before': {'peak_anon_mb': 303.8}, 'connect': {'peak_anon_mb': 369.2, 'end_anon_mb': 369.2, 'peak_threads': 100, 'thrust_peak_anon_mb': 0, 'cgroup_peak_mb': 0}, 'connected': {'peak_anon_mb': 446.9, 'end_anon_mb': 446.9, 'peak_threads': 100, 'thrust_peak_anon_mb': 0, 'cgroup_peak_mb': 0}, 'paced': {'peak_anon_mb': 470.3, 'end_anon_mb': 463.6, 'peak_threads': 100, 'thrust_peak_anon_mb': 0, 'cgroup_peak_mb': 0}, 'paced_drained': {'peak_anon_mb': 463.6, 'end_anon_mb': 463.6, 'peak_threads': 100, 'thrust_peak_anon_mb': 0, 'cgroup_peak_mb': 0}, 'saturated': {'peak_anon_mb': 482.8, 'end_anon_mb': 474.8, 'peak_threads': 100, 'thrust_peak_anon_mb': 0, 'cgroup_peak_mb': 0}, 'saturated_posted': {'peak_anon_mb': 474.8, 'end_anon_mb': 474.8, 'peak_threads': 100, 'thrust_peak_anon_mb': 0, 'cgroup_peak_mb': 0}, 'saturated_drained': {'peak_anon_mb': 474.8, 'end_anon_mb': 474.8, 'peak_threads': 100, 'thrust_peak_anon_mb': 0, 'cgroup_peak_mb': 0}, 'done': {'peak_anon_mb': 474.8, 'end_anon_mb': 451.8, 'peak_threads': 100, 'thrust_peak_anon_mb': 0, 'cgroup_peak_mb': 0}}
[00:25:04] native-base rep 2: starting (load 41.02 24.36 17.11)
[00:25:12] native-base rep 2: up c=1 9182.1 rps p50 0.078 p99 0.76 cpu ms/req {'campfire': 0.058, 'loadgen': 0.0219} statuses {'200': 36737} err 0
[00:25:16] native-base rep 2: up c=16 76025.3 rps p50 0.201 p99 0.482 cpu ms/req {'campfire': 0.0467, 'loadgen': 0.0124} statuses {'200': 304128} err 0
[00:25:20] native-base rep 2: up c=64 90487.6 rps p50 0.687 p99 1.449 cpu ms/req {'campfire': 0.0408, 'loadgen': 0.012} statuses {'200': 362033} err 0
[00:25:25] native-base rep 2: room_show c=1 166.0 rps p50 5.855 p99 9.735 cpu ms/req {'campfire': 5.7982, 'loadgen': 0.1063} statuses {'200': 664} err 0
[00:25:29] native-base rep 2: room_show c=16 678.4 rps p50 23.071 p99 39.807 cpu ms/req {'campfire': 5.5442, 'loadgen': 0.0644} statuses {'200': 2729} err 0
[00:25:33] native-base rep 2: room_show c=64 738.8 rps p50 84.287 p99 149.375 cpu ms/req {'campfire': 5.2183, 'loadgen': 0.0704} statuses {'200': 3024} err 0
[00:25:38] native-base rep 2: room_show_identity c=1 276.4 rps p50 3.473 p99 6.195 cpu ms/req {'campfire': 3.1736, 'loadgen': 0.3112} statuses {'200': 1106} err 0
[00:25:42] native-base rep 2: room_show_identity c=16 1299.7 rps p50 11.879 p99 22.511 cpu ms/req {'campfire': 2.5922, 'loadgen': 0.1701} statuses {'200': 5208} err 0
[00:25:46] native-base rep 2: room_show_identity c=64 1231.5 rps p50 49.663 p99 98.431 cpu ms/req {'campfire': 2.7882, 'loadgen': 0.1577} statuses {'200': 4971} err 0
[00:25:51] native-base rep 2: messages_page c=1 189.2 rps p50 5.099 p99 9.375 cpu ms/req {'campfire': 4.9802, 'loadgen': 0.126} statuses {'200': 757} err 0
[00:25:55] native-base rep 2: messages_page c=16 833.0 rps p50 18.783 p99 31.807 cpu ms/req {'campfire': 4.2968, 'loadgen': 0.061} statuses {'200': 3342} err 0
[00:25:59] native-base rep 2: messages_page c=64 794.7 rps p50 78.015 p99 141.311 cpu ms/req {'campfire': 4.6809, 'loadgen': 0.0827} statuses {'200': 3228} err 0
[00:26:04] native-base rep 2: sidebar c=1 515.1 rps p50 1.684 p99 5.211 cpu ms/req {'campfire': 1.5138, 'loadgen': 0.0993} statuses {'200': 2061} err 0
[00:26:08] native-base rep 2: sidebar c=16 3194.4 rps p50 4.819 p99 9.263 cpu ms/req {'campfire': 1.0799, 'loadgen': 0.0465} statuses {'200': 12797} err 0
[00:26:12] native-base rep 2: sidebar c=64 3620.4 rps p50 17.327 p99 30.639 cpu ms/req {'campfire': 1.0125, 'loadgen': 0.0486} statuses {'200': 14529} err 0
[00:26:17] native-base rep 2: post_message c=1 361.2 rps p50 0.955 p99 65.983 cpu ms/req {'campfire': 1.128, 'loadgen': 0.0473} statuses {'200': 1445} err 0
[00:26:21] native-base rep 2: post_message c=16 406.6 rps p50 4.939 p99 256.383 cpu ms/req {'campfire': 1.0024, 'loadgen': 0.042} statuses {'200': 1686} err 0
[00:26:25] native-base rep 2: post_message c=64 416.3 rps p50 150.015 p99 328.191 cpu ms/req {'campfire': 1.04, 'loadgen': 0.0489} statuses {'200': 1673} err 0
[00:26:49] native-base rep 2: cable 1000 ready 1000 tput 30.7 msg/s all p50 19.391 cpu us/delivery {'campfire': 52.41, 'loadgen': 33.27} mem {'before': {'peak_anon_mb': 97.8}, 'connect': {'peak_anon_mb': 198.1, 'end_anon_mb': 198.1, 'peak_threads': 109, 'thrust_peak_anon_mb': 0, 'cgroup_peak_mb': 0}, 'connected': {'peak_anon_mb': 246.8, 'end_anon_mb': 246.8, 'peak_threads': 109, 'thrust_peak_anon_mb': 0, 'cgroup_peak_mb': 0}, 'paced': {'peak_anon_mb': 267.9, 'end_anon_mb': 267.9, 'peak_threads': 109, 'thrust_peak_anon_mb': 0, 'cgroup_peak_mb': 0}, 'paced_drained': {'peak_anon_mb': 267.9, 'end_anon_mb': 267.9, 'peak_threads': 109, 'thrust_peak_anon_mb': 0, 'cgroup_peak_mb': 0}, 'saturated': {'peak_anon_mb': 273.6, 'end_anon_mb': 273.6, 'peak_threads': 109, 'thrust_peak_anon_mb': 0, 'cgroup_peak_mb': 0}, 'saturated_posted': {'peak_anon_mb': 273.6, 'end_anon_mb': 273.6, 'peak_threads': 109, 'thrust_peak_anon_mb': 0, 'cgroup_peak_mb': 0}, 'saturated_drained': {'peak_anon_mb': 273.6, 'end_anon_mb': 273.6, 'peak_threads': 109, 'thrust_peak_anon_mb': 0, 'cgroup_peak_mb': 0}, 'done': {'peak_anon_mb': 273.6, 'end_anon_mb': 270.6, 'peak_threads': 109, 'thrust_peak_anon_mb': 0, 'cgroup_peak_mb': 0}}
[00:26:49] native-lto rep 2: starting (load 30.66 25.90 18.47)
[00:26:56] native-lto rep 2: up c=1 18012.3 rps p50 0.045 p99 0.157 cpu ms/req {'campfire': 0.0369, 'loadgen': 0.0148} statuses {'200': 72051} err 0
[00:27:00] native-lto rep 2: up c=16 108589.2 rps p50 0.141 p99 0.339 cpu ms/req {'campfire': 0.0329, 'loadgen': 0.0111} statuses {'200': 434388} err 0
[00:27:04] native-lto rep 2: up c=64 106837.9 rps p50 0.576 p99 1.341 cpu ms/req {'campfire': 0.034, 'loadgen': 0.0114} statuses {'200': 427489} err 0
[00:27:09] native-lto rep 2: room_show c=1 180.2 rps p50 4.823 p99 10.807 cpu ms/req {'campfire': 5.2909, 'loadgen': 0.1067} statuses {'200': 722} err 0
[00:27:13] native-lto rep 2: room_show c=16 632.1 rps p50 24.815 p99 42.943 cpu ms/req {'campfire': 5.815, 'loadgen': 0.0861} statuses {'200': 2540} err 0
[00:27:17] native-lto rep 2: room_show c=64 677.9 rps p50 91.519 p99 159.743 cpu ms/req {'campfire': 5.6331, 'loadgen': 0.0771} statuses {'200': 2764} err 0
[00:27:22] native-lto rep 2: room_show_identity c=1 294.4 rps p50 3.259 p99 5.847 cpu ms/req {'campfire': 2.9711, 'loadgen': 0.3183} statuses {'200': 1178} err 0
[00:27:26] native-lto rep 2: room_show_identity c=16 1269.8 rps p50 12.023 p99 25.087 cpu ms/req {'campfire': 2.5751, 'loadgen': 0.1682} statuses {'200': 5091} err 0
[00:27:30] native-lto rep 2: room_show_identity c=64 1455.0 rps p50 42.559 p99 80.511 cpu ms/req {'campfire': 2.3626, 'loadgen': 0.134} statuses {'200': 5879} err 0
[00:27:35] native-lto rep 2: messages_page c=1 165.4 rps p50 5.915 p99 10.407 cpu ms/req {'campfire': 5.4902, 'loadgen': 0.1376} statuses {'200': 663} err 0
[00:27:39] native-lto rep 2: messages_page c=16 732.3 rps p50 21.151 p99 38.207 cpu ms/req {'campfire': 4.8707, 'loadgen': 0.0766} statuses {'200': 2940} err 0
[00:27:43] native-lto rep 2: messages_page c=64 767.4 rps p50 81.087 p99 141.567 cpu ms/req {'campfire': 4.8077, 'loadgen': 0.083} statuses {'200': 3120} err 0
[00:27:48] native-lto rep 2: sidebar c=1 933.9 rps p50 0.999 p99 2.483 cpu ms/req {'campfire': 0.9582, 'loadgen': 0.0419} statuses {'200': 3736} err 0
[00:27:52] native-lto rep 2: sidebar c=16 4758.7 rps p50 3.219 p99 6.615 cpu ms/req {'campfire': 0.7544, 'loadgen': 0.0228} statuses {'200': 19047} err 0
[00:27:56] native-lto rep 2: sidebar c=64 4353.9 rps p50 13.799 p99 31.279 cpu ms/req {'campfire': 0.8255, 'loadgen': 0.0321} statuses {'200': 17492} err 0
[00:28:01] native-lto rep 2: post_message c=1 356.0 rps p50 2.327 p99 17.119 cpu ms/req {'campfire': 2.0927, 'loadgen': 0.1462} statuses {'200': 1424} err 0
[00:28:05] native-lto rep 2: post_message c=16 1279.5 rps p50 7.795 p99 46.239 cpu ms/req {'campfire': 1.3915, 'loadgen': 0.0636} statuses {'200': 5124} err 0
[00:28:09] native-lto rep 2: post_message c=64 1489.5 rps p50 41.759 p99 75.391 cpu ms/req {'campfire': 1.3518, 'loadgen': 0.0616} statuses {'200': 6029} err 0
[00:28:33] native-lto rep 2: cable 1000 ready 1000 tput 54.9 msg/s all p50 21.615 cpu us/delivery {'campfire': 63.35, 'loadgen': 40.29} mem {'before': {'peak_anon_mb': 174.1}, 'connect': {'peak_anon_mb': 289.1, 'end_anon_mb': 289.1, 'peak_threads': 102, 'thrust_peak_anon_mb': 0, 'cgroup_peak_mb': 0}, 'connected': {'peak_anon_mb': 323.1, 'end_anon_mb': 323.1, 'peak_threads': 102, 'thrust_peak_anon_mb': 0, 'cgroup_peak_mb': 0}, 'paced': {'peak_anon_mb': 343.3, 'end_anon_mb': 343.3, 'peak_threads': 102, 'thrust_peak_anon_mb': 0, 'cgroup_peak_mb': 0}, 'paced_drained': {'peak_anon_mb': 343.3, 'end_anon_mb': 343.3, 'peak_threads': 102, 'thrust_peak_anon_mb': 0, 'cgroup_peak_mb': 0}, 'saturated': {'peak_anon_mb': 356.3, 'end_anon_mb': 356.3, 'peak_threads': 102, 'thrust_peak_anon_mb': 0, 'cgroup_peak_mb': 0}, 'saturated_posted': {'peak_anon_mb': 356.3, 'end_anon_mb': 356.3, 'peak_threads': 102, 'thrust_peak_anon_mb': 0, 'cgroup_peak_mb': 0}, 'saturated_drained': {'peak_anon_mb': 356.3, 'end_anon_mb': 356.3, 'peak_threads': 102, 'thrust_peak_anon_mb': 0, 'cgroup_peak_mb': 0}, 'done': {'peak_anon_mb': 356.3, 'end_anon_mb': 354.5, 'peak_threads': 102, 'thrust_peak_anon_mb': 0, 'cgroup_peak_mb': 0}}
[00:28:33] native-tuned rep 2: starting (load 29.71 26.80 19.58)
[00:28:40] native-tuned rep 2: up c=1 17510.2 rps p50 0.046 p99 0.168 cpu ms/req {'campfire': 0.0364, 'loadgen': 0.0158} statuses {'200': 70042} err 0
[00:28:44] native-tuned rep 2: up c=16 104935.1 rps p50 0.146 p99 0.356 cpu ms/req {'campfire': 0.0336, 'loadgen': 0.0112} statuses {'200': 419775} err 0
[00:28:48] native-tuned rep 2: up c=64 104139.5 rps p50 0.577 p99 1.626 cpu ms/req {'campfire': 0.0341, 'loadgen': 0.0113} statuses {'200': 416702} err 0
[00:28:53] native-tuned rep 2: room_show c=1 155.7 rps p50 6.279 p99 9.607 cpu ms/req {'campfire': 6.1378, 'loadgen': 0.1468} statuses {'200': 624} err 0
[00:28:57] native-tuned rep 2: room_show c=16 610.7 rps p50 25.567 p99 47.231 cpu ms/req {'campfire': 5.8527, 'loadgen': 0.104} statuses {'200': 2457} err 0
[00:29:01] native-tuned rep 2: room_show c=64 650.0 rps p50 95.103 p99 187.391 cpu ms/req {'campfire': 5.7801, 'loadgen': 0.0912} statuses {'200': 2647} err 0
[00:29:06] native-tuned rep 2: room_show_identity c=1 262.2 rps p50 3.739 p99 7.811 cpu ms/req {'campfire': 3.1459, 'loadgen': 0.4002} statuses {'200': 1049} err 0
[00:29:10] native-tuned rep 2: room_show_identity c=16 1647.8 rps p50 9.407 p99 17.359 cpu ms/req {'campfire': 2.0318, 'loadgen': 0.1182} statuses {'200': 6600} err 0
[00:29:14] native-tuned rep 2: room_show_identity c=64 1472.2 rps p50 41.791 p99 81.023 cpu ms/req {'campfire': 2.357, 'loadgen': 0.1297} statuses {'200': 5944} err 0
[00:29:19] native-tuned rep 2: messages_page c=1 168.5 rps p50 5.807 p99 9.327 cpu ms/req {'campfire': 5.5407, 'loadgen': 0.1405} statuses {'200': 675} err 0
[00:29:23] native-tuned rep 2: messages_page c=16 671.6 rps p50 23.183 p99 40.415 cpu ms/req {'campfire': 5.3407, 'loadgen': 0.0913} statuses {'200': 2700} err 0
[00:29:27] native-tuned rep 2: messages_page c=64 788.9 rps p50 79.103 p99 135.807 cpu ms/req {'campfire': 4.7798, 'loadgen': 0.0791} statuses {'200': 3201} err 0
[00:29:32] native-tuned rep 2: sidebar c=1 784.4 rps p50 1.127 p99 3.395 cpu ms/req {'campfire': 1.0831, 'loadgen': 0.0535} statuses {'200': 3139} err 0
[00:29:36] native-tuned rep 2: sidebar c=16 3605.1 rps p50 4.175 p99 9.359 cpu ms/req {'campfire': 0.9605, 'loadgen': 0.0391} statuses {'200': 14430} err 0
[00:29:40] native-tuned rep 2: sidebar c=64 4250.0 rps p50 14.591 p99 27.455 cpu ms/req {'campfire': 0.8657, 'loadgen': 0.0338} statuses {'200': 17072} err 0
[00:29:45] native-tuned rep 2: post_message c=1 449.6 rps p50 1.743 p99 15.991 cpu ms/req {'campfire': 1.7009, 'loadgen': 0.1062} statuses {'200': 1799} err 0
[00:29:49] native-tuned rep 2: post_message c=16 1539.3 rps p50 6.587 p99 34.847 cpu ms/req {'campfire': 1.2585, 'loadgen': 0.054} statuses {'200': 6174} err 0
[00:29:53] native-tuned rep 2: post_message c=64 1525.3 rps p50 40.127 p99 73.983 cpu ms/req {'campfire': 1.3505, 'loadgen': 0.0632} statuses {'200': 6168} err 0
[00:30:17] native-tuned rep 2: cable 1000 ready 1000 tput 44.9 msg/s all p50 41.887 cpu us/delivery {'campfire': 80.74, 'loadgen': 50.21} mem {'before': {'peak_anon_mb': 192.6}, 'connect': {'peak_anon_mb': 277.2, 'end_anon_mb': 277.2, 'peak_threads': 99, 'thrust_peak_anon_mb': 0, 'cgroup_peak_mb': 0}, 'connected': {'peak_anon_mb': 342.0, 'end_anon_mb': 342.0, 'peak_threads': 99, 'thrust_peak_anon_mb': 0, 'cgroup_peak_mb': 0}, 'paced': {'peak_anon_mb': 362.4, 'end_anon_mb': 362.4, 'peak_threads': 99, 'thrust_peak_anon_mb': 0, 'cgroup_peak_mb': 0}, 'paced_drained': {'peak_anon_mb': 362.4, 'end_anon_mb': 362.4, 'peak_threads': 99, 'thrust_peak_anon_mb': 0, 'cgroup_peak_mb': 0}, 'saturated': {'peak_anon_mb': 385.4, 'end_anon_mb': 372.9, 'peak_threads': 99, 'thrust_peak_anon_mb': 0, 'cgroup_peak_mb': 0}, 'saturated_posted': {'peak_anon_mb': 372.9, 'end_anon_mb': 372.9, 'peak_threads': 99, 'thrust_peak_anon_mb': 0, 'cgroup_peak_mb': 0}, 'saturated_drained': {'peak_anon_mb': 372.9, 'end_anon_mb': 372.9, 'peak_threads': 99, 'thrust_peak_anon_mb': 0, 'cgroup_peak_mb': 0}, 'done': {'peak_anon_mb': 372.9, 'end_anon_mb': 368.2, 'peak_threads': 99, 'thrust_peak_anon_mb': 0, 'cgroup_peak_mb': 0}}
[00:30:17] native-base-je rep 2: starting (load 29.78 27.53 20.61)
[00:30:24] native-base-je rep 2: up c=1 9989.3 rps p50 0.083 p99 0.397 cpu ms/req {'campfire': 0.0626, 'loadgen': 0.023} statuses {'200': 39958} err 0
[00:30:28] native-base-je rep 2: up c=16 80778.1 rps p50 0.189 p99 0.439 cpu ms/req {'campfire': 0.0448, 'loadgen': 0.0127} statuses {'200': 323141} err 0
[00:30:32] native-base-je rep 2: up c=64 81435.3 rps p50 0.762 p99 1.635 cpu ms/req {'campfire': 0.0451, 'loadgen': 0.0128} statuses {'200': 325888} err 0
[00:30:37] native-base-je rep 2: room_show c=1 143.2 rps p50 6.863 p99 10.167 cpu ms/req {'campfire': 6.6318, 'loadgen': 0.1529} statuses {'200': 573} err 0
[00:30:41] native-base-je rep 2: room_show c=16 663.8 rps p50 23.679 p99 40.895 cpu ms/req {'campfire': 5.733, 'loadgen': 0.075} statuses {'200': 2667} err 0
[00:30:45] native-base-je rep 2: room_show c=64 683.2 rps p50 91.007 p99 164.351 cpu ms/req {'campfire': 5.7019, 'loadgen': 0.0777} statuses {'200': 2778} err 0
[00:30:50] native-base-je rep 2: room_show_identity c=1 343.0 rps p50 2.681 p99 5.619 cpu ms/req {'campfire': 2.5656, 'loadgen': 0.2765} statuses {'200': 1372} err 0
[00:30:54] native-base-je rep 2: room_show_identity c=16 1108.5 rps p50 13.967 p99 26.399 cpu ms/req {'campfire': 2.9153, 'loadgen': 0.2278} statuses {'200': 4449} err 0
[00:30:58] native-base-je rep 2: room_show_identity c=64 1127.7 rps p50 55.039 p99 103.423 cpu ms/req {'campfire': 2.9398, 'loadgen': 0.2282} statuses {'200': 4565} err 0
[00:31:03] native-base-je rep 2: messages_page c=1 134.5 rps p50 7.255 p99 13.407 cpu ms/req {'campfire': 6.4126, 'loadgen': 0.2216} statuses {'200': 538} err 0
[00:31:07] native-base-je rep 2: messages_page c=16 765.9 rps p50 20.367 p99 34.847 cpu ms/req {'campfire': 4.7675, 'loadgen': 0.0793} statuses {'200': 3075} err 0
[00:31:11] native-base-je rep 2: messages_page c=64 863.8 rps p50 72.127 p99 119.743 cpu ms/req {'campfire': 4.4603, 'loadgen': 0.0688} statuses {'200': 3511} err 0
[00:31:16] native-base-je rep 2: sidebar c=1 802.0 rps p50 1.147 p99 2.935 cpu ms/req {'campfire': 1.091, 'loadgen': 0.0507} statuses {'200': 3208} err 0
[00:31:20] native-base-je rep 2: sidebar c=16 4101.9 rps p50 3.719 p99 7.607 cpu ms/req {'campfire': 0.8732, 'loadgen': 0.0302} statuses {'200': 16423} err 0
[00:31:25] native-base-je rep 2: sidebar c=64 4607.6 rps p50 13.463 p99 25.903 cpu ms/req {'campfire': 0.8331, 'loadgen': 0.0308} statuses {'200': 18473} err 0
[00:31:30] native-base-je rep 2: post_message c=1 59.5 rps p50 1.226 p99 431.615 cpu ms/req {'campfire': 1.371, 'loadgen': 0.0737} statuses {'200': 248} err 0
[00:31:35] native-base-je rep 2: post_message c=16 65.1 rps p50 5.431 p99 2430.975 cpu ms/req {'campfire': 1.0345, 'loadgen': 0.0603} statuses {'200': 319} err 0
[00:31:39] native-base-je rep 2: post_message c=64 1509.2 rps p50 41.087 p99 84.479 cpu ms/req {'campfire': 1.2594, 'loadgen': 0.0553} statuses {'200': 6098} err 0
[00:32:03] native-base-je rep 2: cable 1000 ready 1000 tput 39.2 msg/s all p50 26.495 cpu us/delivery {'campfire': 90.26, 'loadgen': 55.56} mem {'before': {'peak_anon_mb': 192.8}, 'connect': {'peak_anon_mb': 323.3, 'end_anon_mb': 323.3, 'peak_threads': 113, 'thrust_peak_anon_mb': 0, 'cgroup_peak_mb': 0}, 'connected': {'peak_anon_mb': 358.6, 'end_anon_mb': 358.6, 'peak_threads': 113, 'thrust_peak_anon_mb': 0, 'cgroup_peak_mb': 0}, 'paced': {'peak_anon_mb': 393.9, 'end_anon_mb': 385.3, 'peak_threads': 113, 'thrust_peak_anon_mb': 0, 'cgroup_peak_mb': 0}, 'paced_drained': {'peak_anon_mb': 385.3, 'end_anon_mb': 385.3, 'peak_threads': 113, 'thrust_peak_anon_mb': 0, 'cgroup_peak_mb': 0}, 'saturated': {'peak_anon_mb': 401.6, 'end_anon_mb': 398.8, 'peak_threads': 113, 'thrust_peak_anon_mb': 0, 'cgroup_peak_mb': 0}, 'saturated_posted': {'peak_anon_mb': 398.8, 'end_anon_mb': 398.8, 'peak_threads': 113, 'thrust_peak_anon_mb': 0, 'cgroup_peak_mb': 0}, 'saturated_drained': {'peak_anon_mb': 398.8, 'end_anon_mb': 398.8, 'peak_threads': 113, 'thrust_peak_anon_mb': 0, 'cgroup_peak_mb': 0}, 'done': {'peak_anon_mb': 398.8, 'end_anon_mb': 397.7, 'peak_threads': 113, 'thrust_peak_anon_mb': 0, 'cgroup_peak_mb': 0}}
[00:32:03] native-base-mi rep 2: starting (load 38.56 30.91 22.53)
[00:32:10] native-base-mi rep 2: up c=1 18060.5 rps p50 0.044 p99 0.15 cpu ms/req {'campfire': 0.0388, 'loadgen': 0.0134} statuses {'200': 72243} err 0
[00:32:14] native-base-mi rep 2: up c=16 92002.3 rps p50 0.168 p99 0.368 cpu ms/req {'campfire': 0.0396, 'loadgen': 0.0117} statuses {'200': 368044} err 0
[00:32:18] native-base-mi rep 2: up c=64 78549.5 rps p50 0.791 p99 1.708 cpu ms/req {'campfire': 0.046, 'loadgen': 0.013} statuses {'200': 314399} err 0
[00:32:23] native-base-mi rep 2: room_show c=1 123.9 rps p50 7.983 p99 13.047 cpu ms/req {'campfire': 7.379, 'loadgen': 0.2119} statuses {'200': 496} err 0
[00:32:27] native-base-mi rep 2: room_show c=16 582.1 rps p50 26.991 p99 46.143 cpu ms/req {'campfire': 6.3877, 'loadgen': 0.1159} statuses {'200': 2342} err 0
[00:32:31] native-base-mi rep 2: room_show c=64 577.2 rps p50 107.519 p99 185.087 cpu ms/req {'campfire': 6.6554, 'loadgen': 0.1266} statuses {'200': 2365} err 0
[00:32:36] native-base-mi rep 2: room_show_identity c=1 248.7 rps p50 3.631 p99 8.271 cpu ms/req {'campfire': 3.397, 'loadgen': 0.383} statuses {'200': 995} err 0
[00:32:40] native-base-mi rep 2: room_show_identity c=16 1332.1 rps p50 11.647 p99 21.087 cpu ms/req {'campfire': 2.5477, 'loadgen': 0.1633} statuses {'200': 5342} err 0
[00:32:44] native-base-mi rep 2: room_show_identity c=64 1516.9 rps p50 40.767 p99 76.991 cpu ms/req {'campfire': 2.3321, 'loadgen': 0.1271} statuses {'200': 6106} err 0
[00:32:49] native-base-mi rep 2: messages_page c=1 181.8 rps p50 5.415 p99 8.075 cpu ms/req {'campfire': 5.206, 'loadgen': 0.1283} statuses {'200': 728} err 0
[00:32:53] native-base-mi rep 2: messages_page c=16 733.7 rps p50 21.279 p99 35.999 cpu ms/req {'campfire': 5.0085, 'loadgen': 0.0768} statuses {'200': 2945} err 0
[00:32:57] native-base-mi rep 2: messages_page c=64 831.2 rps p50 74.879 p99 123.647 cpu ms/req {'campfire': 4.5794, 'loadgen': 0.0683} statuses {'200': 3376} err 0
[00:33:02] native-base-mi rep 2: sidebar c=1 847.7 rps p50 1.096 p99 2.637 cpu ms/req {'campfire': 1.0554, 'loadgen': 0.0435} statuses {'200': 3392} err 0
[00:33:06] native-base-mi rep 2: sidebar c=16 4168.7 rps p50 3.677 p99 7.395 cpu ms/req {'campfire': 0.858, 'loadgen': 0.0281} statuses {'200': 16690} err 0
[00:33:10] native-base-mi rep 2: sidebar c=64 4852.0 rps p50 12.871 p99 23.567 cpu ms/req {'campfire': 0.7919, 'loadgen': 0.028} statuses {'200': 19459} err 0
[00:33:15] native-base-mi rep 2: post_message c=1 656.1 rps p50 1.213 p99 13.503 cpu ms/req {'campfire': 1.3295, 'loadgen': 0.0568} statuses {'200': 2625} err 0
[00:33:19] native-base-mi rep 2: post_message c=16 1632.3 rps p50 6.243 p99 33.887 cpu ms/req {'campfire': 1.1934, 'loadgen': 0.0431} statuses {'200': 6536} err 0
[00:33:23] native-base-mi rep 2: post_message c=64 1803.7 rps p50 34.303 p99 65.663 cpu ms/req {'campfire': 1.0962, 'loadgen': 0.042} statuses {'200': 7298} err 0
[00:33:47] native-base-mi rep 2: cable 1000 ready 1000 tput 28.9 msg/s all p50 24.719 cpu us/delivery {'campfire': 59.29, 'loadgen': 37.89} mem {'before': {'peak_anon_mb': 428.7}, 'connect': {'peak_anon_mb': 572.6, 'end_anon_mb': 572.6, 'peak_threads': 103, 'thrust_peak_anon_mb': 0, 'cgroup_peak_mb': 0}, 'connected': {'peak_anon_mb': 582.7, 'end_anon_mb': 582.7, 'peak_threads': 103, 'thrust_peak_anon_mb': 0, 'cgroup_peak_mb': 0}, 'paced': {'peak_anon_mb': 623.5, 'end_anon_mb': 611.2, 'peak_threads': 103, 'thrust_peak_anon_mb': 0, 'cgroup_peak_mb': 0}, 'paced_drained': {'peak_anon_mb': 611.2, 'end_anon_mb': 611.2, 'peak_threads': 103, 'thrust_peak_anon_mb': 0, 'cgroup_peak_mb': 0}, 'saturated': {'peak_anon_mb': 620.5, 'end_anon_mb': 617.0, 'peak_threads': 103, 'thrust_peak_anon_mb': 0, 'cgroup_peak_mb': 0}, 'saturated_posted': {'peak_anon_mb': 617.0, 'end_anon_mb': 617.0, 'peak_threads': 103, 'thrust_peak_anon_mb': 0, 'cgroup_peak_mb': 0}, 'saturated_drained': {'peak_anon_mb': 617.0, 'end_anon_mb': 616.8, 'peak_threads': 103, 'thrust_peak_anon_mb': 0, 'cgroup_peak_mb': 0}, 'done': {'peak_anon_mb': 616.8, 'end_anon_mb': 593.1, 'peak_threads': 103, 'thrust_peak_anon_mb': 0, 'cgroup_peak_mb': 0}}
[00:33:47] native-tuned-mi rep 2: starting (load 28.25 29.80 23.05)
[00:33:54] native-tuned-mi rep 2: up c=1 14881.8 rps p50 0.057 p99 0.219 cpu ms/req {'campfire': 0.0422, 'loadgen': 0.0173} statuses {'200': 59528} err 0
[00:33:58] native-tuned-mi rep 2: up c=16 100393.8 rps p50 0.151 p99 0.38 cpu ms/req {'campfire': 0.0344, 'loadgen': 0.0115} statuses {'200': 401613} err 0
[00:34:02] native-tuned-mi rep 2: up c=64 112765.8 rps p50 0.552 p99 1.17 cpu ms/req {'campfire': 0.0326, 'loadgen': 0.0111} statuses {'200': 451228} err 0
[00:34:07] native-tuned-mi rep 2: room_show c=1 167.6 rps p50 5.827 p99 8.903 cpu ms/req {'campfire': 5.693, 'loadgen': 0.134} statuses {'200': 671} err 0
[00:34:11] native-tuned-mi rep 2: room_show c=16 701.4 rps p50 22.271 p99 39.391 cpu ms/req {'campfire': 5.3565, 'loadgen': 0.0719} statuses {'200': 2819} err 0
[00:34:15] native-tuned-mi rep 2: room_show c=64 693.5 rps p50 90.623 p99 158.079 cpu ms/req {'campfire': 5.5921, 'loadgen': 0.0768} statuses {'200': 2829} err 0
[00:34:20] native-tuned-mi rep 2: room_show_identity c=1 328.4 rps p50 2.911 p99 5.291 cpu ms/req {'campfire': 2.6865, 'loadgen': 0.2752} statuses {'200': 1314} err 0
[00:34:24] native-tuned-mi rep 2: room_show_identity c=16 1445.3 rps p50 10.711 p99 19.695 cpu ms/req {'campfire': 2.3295, 'loadgen': 0.153} statuses {'200': 5791} err 0
[00:34:28] native-tuned-mi rep 2: room_show_identity c=64 1639.5 rps p50 37.759 p99 70.655 cpu ms/req {'campfire': 2.1469, 'loadgen': 0.1192} statuses {'200': 6605} err 0
[00:34:33] native-tuned-mi rep 2: messages_page c=1 227.1 rps p50 4.211 p99 7.151 cpu ms/req {'campfire': 4.1914, 'loadgen': 0.0896} statuses {'200': 909} err 0
[00:34:37] native-tuned-mi rep 2: messages_page c=16 932.9 rps p50 16.703 p99 29.535 cpu ms/req {'campfire': 3.8809, 'loadgen': 0.0485} statuses {'200': 3744} err 0
[00:34:41] native-tuned-mi rep 2: messages_page c=64 896.1 rps p50 69.951 p99 117.631 cpu ms/req {'campfire': 4.2849, 'loadgen': 0.0631} statuses {'200': 3636} err 0
[00:34:46] native-tuned-mi rep 2: sidebar c=1 884.8 rps p50 1.067 p99 2.513 cpu ms/req {'campfire': 1.0056, 'loadgen': 0.0437} statuses {'200': 3540} err 0
[00:34:50] native-tuned-mi rep 2: sidebar c=16 4455.2 rps p50 3.431 p99 6.891 cpu ms/req {'campfire': 0.8097, 'loadgen': 0.0271} statuses {'200': 17834} err 0
[00:34:54] native-tuned-mi rep 2: sidebar c=64 4654.7 rps p50 13.439 p99 24.527 cpu ms/req {'campfire': 0.822, 'loadgen': 0.0318} statuses {'200': 18685} err 0
[00:35:00] native-tuned-mi rep 2: post_message c=1 315.9 rps p50 1.08 p99 13.079 cpu ms/req {'campfire': 1.2085, 'loadgen': 0.0552} statuses {'200': 1324} err 0
[00:35:05] native-tuned-mi rep 2: post_message c=16 82.5 rps p50 5.731 p99 2992.127 cpu ms/req {'campfire': 1.0697, 'loadgen': 0.0522} statuses {'200': 402} err 0
[00:35:09] native-tuned-mi rep 2: post_message c=64 141.2 rps p50 224.127 p99 1597.439 cpu ms/req {'campfire': 0.906, 'loadgen': 0.0518} statuses {'200': 585} err 0
[00:35:34] native-tuned-mi rep 2: cable 1000 ready 1000 tput 56.4 msg/s all p50 26.287 cpu us/delivery {'campfire': 62.85, 'loadgen': 40.72} mem {'before': {'peak_anon_mb': 513.4}, 'connect': {'peak_anon_mb': 659.1, 'end_anon_mb': 659.1, 'peak_threads': 135, 'thrust_peak_anon_mb': 0, 'cgroup_peak_mb': 0}, 'connected': {'peak_anon_mb': 669.1, 'end_anon_mb': 669.1, 'peak_threads': 135, 'thrust_peak_anon_mb': 0, 'cgroup_peak_mb': 0}, 'paced': {'peak_anon_mb': 704.6, 'end_anon_mb': 695.0, 'peak_threads': 135, 'thrust_peak_anon_mb': 0, 'cgroup_peak_mb': 0}, 'paced_drained': {'peak_anon_mb': 695.0, 'end_anon_mb': 695.0, 'peak_threads': 135, 'thrust_peak_anon_mb': 0, 'cgroup_peak_mb': 0}, 'saturated': {'peak_anon_mb': 718.7, 'end_anon_mb': 692.5, 'peak_threads': 135, 'thrust_peak_anon_mb': 0, 'cgroup_peak_mb': 0}, 'saturated_posted': {'peak_anon_mb': 692.5, 'end_anon_mb': 692.5, 'peak_threads': 135, 'thrust_peak_anon_mb': 0, 'cgroup_peak_mb': 0}, 'saturated_drained': {'peak_anon_mb': 692.5, 'end_anon_mb': 692.5, 'peak_threads': 135, 'thrust_peak_anon_mb': 0, 'cgroup_peak_mb': 0}, 'done': {'peak_anon_mb': 692.5, 'end_anon_mb': 691.8, 'peak_threads': 135, 'thrust_peak_anon_mb': 0, 'cgroup_peak_mb': 0}}
[00:35:34] native-base rep 3: starting (load 24.18 27.68 22.99)
[00:35:42] native-base rep 3: up c=1 18765.6 rps p50 0.043 p99 0.148 cpu ms/req {'campfire': 0.037, 'loadgen': 0.0133} statuses {'200': 75064} err 0
[00:35:46] native-base rep 3: up c=16 81879.4 rps p50 0.189 p99 0.402 cpu ms/req {'campfire': 0.0444, 'loadgen': 0.0123} statuses {'200': 327577} err 0
[00:35:50] native-base rep 3: up c=64 85111.0 rps p50 0.731 p99 1.546 cpu ms/req {'campfire': 0.0435, 'loadgen': 0.0125} statuses {'200': 340527} err 0
[00:35:55] native-base rep 3: room_show c=1 170.0 rps p50 5.727 p99 8.591 cpu ms/req {'campfire': 5.6828, 'loadgen': 0.1072} statuses {'200': 681} err 0
[00:35:59] native-base rep 3: room_show c=16 701.9 rps p50 22.303 p99 39.103 cpu ms/req {'campfire': 5.2589, 'loadgen': 0.0587} statuses {'200': 2820} err 0
[00:36:03] native-base rep 3: room_show c=64 728.6 rps p50 85.119 p99 148.735 cpu ms/req {'campfire': 5.2609, 'loadgen': 0.0616} statuses {'200': 2971} err 0
[00:36:08] native-base rep 3: room_show_identity c=1 402.5 rps p50 2.335 p99 4.073 cpu ms/req {'campfire': 2.2408, 'loadgen': 0.2214} statuses {'200': 1611} err 0
[00:36:12] native-base rep 3: room_show_identity c=16 1498.3 rps p50 10.367 p99 19.087 cpu ms/req {'campfire': 2.2636, 'loadgen': 0.1274} statuses {'200': 6008} err 0
[00:36:16] native-base rep 3: room_show_identity c=64 1545.6 rps p50 40.031 p99 73.151 cpu ms/req {'campfire': 2.2691, 'loadgen': 0.1131} statuses {'200': 6236} err 0
[00:36:21] native-base rep 3: messages_page c=1 229.0 rps p50 4.267 p99 6.283 cpu ms/req {'campfire': 4.214, 'loadgen': 0.0747} statuses {'200': 916} err 0
[00:36:25] native-base rep 3: messages_page c=16 863.7 rps p50 18.175 p99 31.247 cpu ms/req {'campfire': 4.172, 'loadgen': 0.0516} statuses {'200': 3466} err 0
[00:36:29] native-base rep 3: messages_page c=64 925.1 rps p50 67.839 p99 112.575 cpu ms/req {'campfire': 4.0816, 'loadgen': 0.0525} statuses {'200': 3751} err 0
[00:36:34] native-base rep 3: sidebar c=1 1042.8 rps p50 0.871 p99 2.079 cpu ms/req {'campfire': 0.8965, 'loadgen': 0.0318} statuses {'200': 4172} err 0
[00:36:38] native-base rep 3: sidebar c=16 5123.4 rps p50 3.009 p99 5.883 cpu ms/req {'campfire': 0.7062, 'loadgen': 0.0168} statuses {'200': 20505} err 0
[00:36:42] native-base rep 3: sidebar c=64 5685.6 rps p50 10.983 p99 20.239 cpu ms/req {'campfire': 0.6624, 'loadgen': 0.016} statuses {'200': 22795} err 0
[00:36:48] native-base rep 3: post_message c=1 129.2 rps p50 0.76 p99 283.647 cpu ms/req {'campfire': 0.8807, 'loadgen': 0.0303} statuses {'200': 545} err 0
[00:36:52] native-base rep 3: post_message c=16 1395.6 rps p50 5.603 p99 39.295 cpu ms/req {'campfire': 1.1043, 'loadgen': 0.0419} statuses {'200': 5587} err 0
[00:36:56] native-base rep 3: post_message c=64 1881.5 rps p50 32.447 p99 60.799 cpu ms/req {'campfire': 1.0484, 'loadgen': 0.0386} statuses {'200': 7564} err 0
[00:37:20] native-base rep 3: cable 1000 ready 1000 tput 66.1 msg/s all p50 17.839 cpu us/delivery {'campfire': 53.16, 'loadgen': 34.45} mem {'before': {'peak_anon_mb': 179.4}, 'connect': {'peak_anon_mb': 308.2, 'end_anon_mb': 308.2, 'peak_threads': 111, 'thrust_peak_anon_mb': 0, 'cgroup_peak_mb': 0}, 'connected': {'peak_anon_mb': 328.8, 'end_anon_mb': 328.8, 'peak_threads': 111, 'thrust_peak_anon_mb': 0, 'cgroup_peak_mb': 0}, 'paced': {'peak_anon_mb': 350.3, 'end_anon_mb': 350.3, 'peak_threads': 111, 'thrust_peak_anon_mb': 0, 'cgroup_peak_mb': 0}, 'paced_drained': {'peak_anon_mb': 350.3, 'end_anon_mb': 350.3, 'peak_threads': 111, 'thrust_peak_anon_mb': 0, 'cgroup_peak_mb': 0}, 'saturated': {'peak_anon_mb': 361.6, 'end_anon_mb': 361.6, 'peak_threads': 111, 'thrust_peak_anon_mb': 0, 'cgroup_peak_mb': 0}, 'saturated_posted': {'peak_anon_mb': 361.6, 'end_anon_mb': 361.6, 'peak_threads': 111, 'thrust_peak_anon_mb': 0, 'cgroup_peak_mb': 0}, 'saturated_drained': {'peak_anon_mb': 361.6, 'end_anon_mb': 361.6, 'peak_threads': 111, 'thrust_peak_anon_mb': 0, 'cgroup_peak_mb': 0}, 'done': {'peak_anon_mb': 361.6, 'end_anon_mb': 359.9, 'peak_threads': 111, 'thrust_peak_anon_mb': 0, 'cgroup_peak_mb': 0}}
[00:37:20] native-lto rep 3: starting (load 20.32 25.23 22.60)
[00:37:27] native-lto rep 3: up c=1 20693.0 rps p50 0.039 p99 0.13 cpu ms/req {'campfire': 0.0336, 'loadgen': 0.0127} statuses {'200': 82773} err 0
[00:37:31] native-lto rep 3: up c=16 120882.0 rps p50 0.129 p99 0.244 cpu ms/req {'campfire': 0.0307, 'loadgen': 0.0101} statuses {'200': 483562} err 0
[00:37:35] native-lto rep 3: up c=64 106028.9 rps p50 0.584 p99 1.284 cpu ms/req {'campfire': 0.0346, 'loadgen': 0.0114} statuses {'200': 424224} err 0
[00:37:40] native-lto rep 3: room_show c=1 206.7 rps p50 4.623 p99 7.039 cpu ms/req {'campfire': 4.7037, 'loadgen': 0.0676} statuses {'200': 827} err 0
[00:37:44] native-lto rep 3: room_show c=16 736.1 rps p50 21.263 p99 37.119 cpu ms/req {'campfire': 5.0794, 'loadgen': 0.0524} statuses {'200': 2961} err 0
[00:37:48] native-lto rep 3: room_show c=64 824.6 rps p50 75.519 p99 138.879 cpu ms/req {'campfire': 4.6712, 'loadgen': 0.0454} statuses {'200': 3361} err 0
[00:37:53] native-lto rep 3: room_show_identity c=1 532.1 rps p50 1.794 p99 2.929 cpu ms/req {'campfire': 1.7379, 'loadgen': 0.1528} statuses {'200': 2129} err 0
[00:37:57] native-lto rep 3: room_show_identity c=16 1979.2 rps p50 7.871 p99 13.663 cpu ms/req {'campfire': 1.7207, 'loadgen': 0.0822} statuses {'200': 7927} err 0
[00:38:01] native-lto rep 3: room_show_identity c=64 1755.8 rps p50 34.783 p99 69.119 cpu ms/req {'campfire': 1.9929, 'loadgen': 0.0968} statuses {'200': 7080} err 0
[00:38:06] native-lto rep 3: messages_page c=1 232.8 rps p50 4.119 p99 6.599 cpu ms/req {'campfire': 4.1416, 'loadgen': 0.0802} statuses {'200': 932} err 0
[00:38:10] native-lto rep 3: messages_page c=16 971.0 rps p50 16.183 p99 27.903 cpu ms/req {'campfire': 3.7103, 'loadgen': 0.0397} statuses {'200': 3900} err 0
[00:38:14] native-lto rep 3: messages_page c=64 1054.9 rps p50 59.455 p99 96.639 cpu ms/req {'campfire': 3.5524, 'loadgen': 0.0386} statuses {'200': 4276} err 0
[00:38:19] native-lto rep 3: sidebar c=1 1149.5 rps p50 0.813 p99 1.825 cpu ms/req {'campfire': 0.8134, 'loadgen': 0.0287} statuses {'200': 4598} err 0
[00:38:23] native-lto rep 3: sidebar c=16 4654.1 rps p50 3.303 p99 6.559 cpu ms/req {'campfire': 0.7638, 'loadgen': 0.0234} statuses {'200': 18630} err 0
[00:38:27] native-lto rep 3: sidebar c=64 5456.1 rps p50 11.423 p99 20.943 cpu ms/req {'campfire': 0.6838, 'loadgen': 0.0207} statuses {'200': 21892} err 0
[00:38:32] native-lto rep 3: post_message c=1 780.5 rps p50 0.976 p99 12.991 cpu ms/req {'campfire': 1.1083, 'loadgen': 0.0463} statuses {'200': 3122} err 0
[00:38:36] native-lto rep 3: post_message c=16 1848.1 rps p50 4.955 p99 28.735 cpu ms/req {'campfire': 0.9902, 'loadgen': 0.0352} statuses {'200': 7423} err 0
[00:38:40] native-lto rep 3: post_message c=64 1896.1 rps p50 32.399 p99 64.831 cpu ms/req {'campfire': 0.9544, 'loadgen': 0.0357} statuses {'200': 7659} err 0
[00:39:05] native-lto rep 3: cable 1000 ready 1000 tput 65.2 msg/s all p50 20.943 cpu us/delivery {'campfire': 52.84, 'loadgen': 34.38} mem {'before': {'peak_anon_mb': 242.3}, 'connect': {'peak_anon_mb': 389.7, 'end_anon_mb': 389.7, 'peak_threads': 134, 'thrust_peak_anon_mb': 0, 'cgroup_peak_mb': 0}, 'connected': {'peak_anon_mb': 391.4, 'end_anon_mb': 391.4, 'peak_threads': 134, 'thrust_peak_anon_mb': 0, 'cgroup_peak_mb': 0}, 'paced': {'peak_anon_mb': 411.6, 'end_anon_mb': 411.6, 'peak_threads': 134, 'thrust_peak_anon_mb': 0, 'cgroup_peak_mb': 0}, 'paced_drained': {'peak_anon_mb': 411.6, 'end_anon_mb': 411.6, 'peak_threads': 134, 'thrust_peak_anon_mb': 0, 'cgroup_peak_mb': 0}, 'saturated': {'peak_anon_mb': 423.3, 'end_anon_mb': 422.4, 'peak_threads': 134, 'thrust_peak_anon_mb': 0, 'cgroup_peak_mb': 0}, 'saturated_posted': {'peak_anon_mb': 422.4, 'end_anon_mb': 422.4, 'peak_threads': 134, 'thrust_peak_anon_mb': 0, 'cgroup_peak_mb': 0}, 'saturated_drained': {'peak_anon_mb': 422.4, 'end_anon_mb': 422.4, 'peak_threads': 134, 'thrust_peak_anon_mb': 0, 'cgroup_peak_mb': 0}, 'done': {'peak_anon_mb': 422.4, 'end_anon_mb': 421.0, 'peak_threads': 134, 'thrust_peak_anon_mb': 0, 'cgroup_peak_mb': 0}}
[00:39:05] native-tuned rep 3: starting (load 17.76 22.45 21.86)
[00:39:12] native-tuned rep 3: up c=1 28362.2 rps p50 0.032 p99 0.062 cpu ms/req {'campfire': 0.0242, 'loadgen': 0.0099} statuses {'200': 113451} err 0
[00:39:16] native-tuned rep 3: up c=16 117493.7 rps p50 0.133 p99 0.267 cpu ms/req {'campfire': 0.0308, 'loadgen': 0.0103} statuses {'200': 470001} err 0
[00:39:20] native-tuned rep 3: up c=64 122005.8 rps p50 0.516 p99 1.009 cpu ms/req {'campfire': 0.0303, 'loadgen': 0.0103} statuses {'200': 488127} err 0
[00:39:25] native-tuned rep 3: room_show c=1 239.3 rps p50 4.103 p99 5.147 cpu ms/req {'campfire': 4.1127, 'loadgen': 0.0376} statuses {'200': 958} err 0
[00:39:29] native-tuned rep 3: room_show c=16 844.5 rps p50 18.447 p99 32.591 cpu ms/req {'campfire': 4.4015, 'loadgen': 0.0355} statuses {'200': 3392} err 0
[00:39:33] native-tuned rep 3: room_show c=64 823.1 rps p50 75.583 p99 136.831 cpu ms/req {'campfire': 4.6874, 'loadgen': 0.046} statuses {'200': 3343} err 0
[00:39:38] native-tuned rep 3: room_show_identity c=1 595.6 rps p50 1.626 p99 2.311 cpu ms/req {'campfire': 1.5401, 'loadgen': 0.1367} statuses {'200': 2383} err 0
[00:39:42] native-tuned rep 3: room_show_identity c=16 2007.3 rps p50 7.783 p99 13.231 cpu ms/req {'campfire': 1.6861, 'loadgen': 0.0753} statuses {'200': 8042} err 0
[00:39:46] native-tuned rep 3: room_show_identity c=64 1777.1 rps p50 35.231 p99 61.695 cpu ms/req {'campfire': 1.967, 'loadgen': 0.0945} statuses {'200': 7153} err 0
[00:39:51] native-tuned rep 3: messages_page c=1 304.4 rps p50 3.233 p99 4.155 cpu ms/req {'campfire': 3.2184, 'loadgen': 0.0346} statuses {'200': 1218} err 0
[00:39:55] native-tuned rep 3: messages_page c=16 1138.0 rps p50 13.863 p99 22.847 cpu ms/req {'campfire': 3.1522, 'loadgen': 0.0215} statuses {'200': 4565} err 0
[00:39:59] native-tuned rep 3: messages_page c=64 1024.5 rps p50 60.991 p99 105.151 cpu ms/req {'campfire': 3.6088, 'loadgen': 0.0388} statuses {'200': 4151} err 0
[00:40:04] native-tuned rep 3: sidebar c=1 1448.2 rps p50 0.66 p99 1.106 cpu ms/req {'campfire': 0.6629, 'loadgen': 0.0174} statuses {'200': 5793} err 0
[00:40:08] native-tuned rep 3: sidebar c=16 6129.8 rps p50 2.545 p99 4.619 cpu ms/req {'campfire': 0.5943, 'loadgen': 0.0117} statuses {'200': 24535} err 0
[00:40:12] native-tuned rep 3: sidebar c=64 5449.5 rps p50 11.391 p99 21.535 cpu ms/req {'campfire': 0.6843, 'loadgen': 0.0198} statuses {'200': 21862} err 0
[00:40:17] native-tuned rep 3: post_message c=1 1088.5 rps p50 0.684 p99 12.367 cpu ms/req {'campfire': 0.797, 'loadgen': 0.0252} statuses {'200': 4354} err 0
[00:40:21] native-tuned rep 3: post_message c=16 2238.2 rps p50 3.611 p99 28.655 cpu ms/req {'campfire': 0.7266, 'loadgen': 0.0178} statuses {'200': 8987} err 0
[00:40:25] native-tuned rep 3: post_message c=64 1957.9 rps p50 31.119 p99 64.735 cpu ms/req {'campfire': 0.8382, 'loadgen': 0.0303} statuses {'200': 7898} err 0
[00:40:48] native-tuned rep 3: cable 1000 ready 1000 tput 77.6 msg/s all p50 16.287 cpu us/delivery {'campfire': 43.27, 'loadgen': 29.07} mem {'before': {'peak_anon_mb': 268.0}, 'connect': {'peak_anon_mb': 408.6, 'end_anon_mb': 408.6, 'peak_threads': 97, 'thrust_peak_anon_mb': 0, 'cgroup_peak_mb': 0}, 'connected': {'peak_anon_mb': 417.1, 'end_anon_mb': 417.1, 'peak_threads': 97, 'thrust_peak_anon_mb': 0, 'cgroup_peak_mb': 0}, 'paced': {'peak_anon_mb': 437.3, 'end_anon_mb': 437.3, 'peak_threads': 97, 'thrust_peak_anon_mb': 0, 'cgroup_peak_mb': 0}, 'paced_drained': {'peak_anon_mb': 437.3, 'end_anon_mb': 437.3, 'peak_threads': 97, 'thrust_peak_anon_mb': 0, 'cgroup_peak_mb': 0}, 'saturated': {'peak_anon_mb': 451.9, 'end_anon_mb': 451.9, 'peak_threads': 97, 'thrust_peak_anon_mb': 0, 'cgroup_peak_mb': 0}, 'saturated_posted': {'peak_anon_mb': 451.9, 'end_anon_mb': 451.9, 'peak_threads': 97, 'thrust_peak_anon_mb': 0, 'cgroup_peak_mb': 0}, 'saturated_drained': {'peak_anon_mb': 451.9, 'end_anon_mb': 451.9, 'peak_threads': 97, 'thrust_peak_anon_mb': 0, 'cgroup_peak_mb': 0}, 'done': {'peak_anon_mb': 451.9, 'end_anon_mb': 451.9, 'peak_threads': 97, 'thrust_peak_anon_mb': 0, 'cgroup_peak_mb': 0}}
[00:40:48] native-base-je rep 3: starting (load 17.15 20.59 21.23)
[00:40:56] native-base-je rep 3: up c=1 19538.2 rps p50 0.045 p99 0.103 cpu ms/req {'campfire': 0.0369, 'loadgen': 0.0128} statuses {'200': 78154} err 0
[00:41:00] native-base-je rep 3: up c=16 117885.1 rps p50 0.132 p99 0.244 cpu ms/req {'campfire': 0.0317, 'loadgen': 0.0091} statuses {'200': 471568} err 0
[00:41:04] native-base-je rep 3: up c=64 117227.9 rps p50 0.539 p99 1.03 cpu ms/req {'campfire': 0.0318, 'loadgen': 0.0098} statuses {'200': 469023} err 0
[00:41:09] native-base-je rep 3: room_show c=1 201.9 rps p50 4.855 p99 6.647 cpu ms/req {'campfire': 4.8639, 'loadgen': 0.0615} statuses {'200': 808} err 0
[00:41:13] native-base-je rep 3: room_show c=16 890.2 rps p50 17.631 p99 30.479 cpu ms/req {'campfire': 4.2306, 'loadgen': 0.0289} statuses {'200': 3574} err 0
[00:41:17] native-base-je rep 3: room_show c=64 889.3 rps p50 70.207 p99 126.335 cpu ms/req {'campfire': 4.3671, 'loadgen': 0.0321} statuses {'200': 3618} err 0
[00:41:22] native-base-je rep 3: room_show_identity c=1 516.8 rps p50 1.873 p99 2.793 cpu ms/req {'campfire': 1.7892, 'loadgen': 0.154} statuses {'200': 2068} err 0
[00:41:26] native-base-je rep 3: room_show_identity c=16 2050.8 rps p50 7.587 p99 13.479 cpu ms/req {'campfire': 1.6663, 'loadgen': 0.0729} statuses {'200': 8216} err 0
[00:41:30] native-base-je rep 3: room_show_identity c=64 1802.3 rps p50 34.175 p99 64.383 cpu ms/req {'campfire': 1.9534, 'loadgen': 0.0942} statuses {'200': 7249} err 0
[00:41:35] native-base-je rep 3: messages_page c=1 280.4 rps p50 3.489 p99 4.507 cpu ms/req {'campfire': 3.4938, 'loadgen': 0.04} statuses {'200': 1122} err 0
[00:41:39] native-base-je rep 3: messages_page c=16 1100.4 rps p50 14.231 p99 24.127 cpu ms/req {'campfire': 3.2911, 'loadgen': 0.0249} statuses {'200': 4415} err 0
[00:41:43] native-base-je rep 3: messages_page c=64 1224.1 rps p50 51.103 p99 84.159 cpu ms/req {'campfire': 3.1241, 'loadgen': 0.0221} statuses {'200': 4955} err 0
[00:41:48] native-base-je rep 3: sidebar c=1 1453.2 rps p50 0.672 p99 1.023 cpu ms/req {'campfire': 0.6692, 'loadgen': 0.0157} statuses {'200': 5813} err 0
[00:41:52] native-base-je rep 3: sidebar c=16 5742.0 rps p50 2.675 p99 5.267 cpu ms/req {'campfire': 0.6354, 'loadgen': 0.0147} statuses {'200': 22978} err 0
[00:41:56] native-base-je rep 3: sidebar c=64 6569.7 rps p50 9.599 p99 16.335 cpu ms/req {'campfire': 0.5861, 'loadgen': 0.013} statuses {'200': 26342} err 0
[00:42:01] native-base-je rep 3: post_message c=1 412.3 rps p50 0.683 p99 94.143 cpu ms/req {'campfire': 0.8002, 'loadgen': 0.0201} statuses {'200': 1687} err 0
[00:42:05] native-base-je rep 3: post_message c=16 518.3 rps p50 4.239 p99 172.543 cpu ms/req {'campfire': 0.8633, 'loadgen': 0.0257} statuses {'200': 2085} err 0
[00:42:09] native-base-je rep 3: post_message c=64 474.2 rps p50 132.991 p99 293.887 cpu ms/req {'campfire': 0.7881, 'loadgen': 0.0325} statuses {'200': 1954} err 0
[00:42:33] native-base-je rep 3: cable 1000 ready 1000 tput 69.4 msg/s all p50 15.527 cpu us/delivery {'campfire': 44.16, 'loadgen': 29.79} mem {'before': {'peak_anon_mb': 176.2}, 'connect': {'peak_anon_mb': 341.8, 'end_anon_mb': 341.8, 'peak_threads': 107, 'thrust_peak_anon_mb': 0, 'cgroup_peak_mb': 0}, 'connected': {'peak_anon_mb': 341.8, 'end_anon_mb': 341.8, 'peak_threads': 107, 'thrust_peak_anon_mb': 0, 'cgroup_peak_mb': 0}, 'paced': {'peak_anon_mb': 379.4, 'end_anon_mb': 374.3, 'peak_threads': 107, 'thrust_peak_anon_mb': 0, 'cgroup_peak_mb': 0}, 'paced_drained': {'peak_anon_mb': 374.3, 'end_anon_mb': 374.3, 'peak_threads': 107, 'thrust_peak_anon_mb': 0, 'cgroup_peak_mb': 0}, 'saturated': {'peak_anon_mb': 396.0, 'end_anon_mb': 377.9, 'peak_threads': 107, 'thrust_peak_anon_mb': 0, 'cgroup_peak_mb': 0}, 'saturated_posted': {'peak_anon_mb': 377.9, 'end_anon_mb': 377.9, 'peak_threads': 107, 'thrust_peak_anon_mb': 0, 'cgroup_peak_mb': 0}, 'saturated_drained': {'peak_anon_mb': 377.9, 'end_anon_mb': 377.9, 'peak_threads': 107, 'thrust_peak_anon_mb': 0, 'cgroup_peak_mb': 0}, 'done': {'peak_anon_mb': 378.0, 'end_anon_mb': 377.5, 'peak_threads': 107, 'thrust_peak_anon_mb': 0, 'cgroup_peak_mb': 0}}
[00:42:33] native-base-mi rep 3: starting (load 13.27 18.15 20.28)
[00:42:40] native-base-mi rep 3: up c=1 22153.0 rps p50 0.041 p99 0.08 cpu ms/req {'campfire': 0.0325, 'loadgen': 0.0114} statuses {'200': 88614} err 0
[00:42:44] native-base-mi rep 3: up c=16 119695.1 rps p50 0.132 p99 0.234 cpu ms/req {'campfire': 0.0312, 'loadgen': 0.0096} statuses {'200': 478812} err 0
[00:42:48] native-base-mi rep 3: up c=64 119076.8 rps p50 0.533 p99 1.016 cpu ms/req {'campfire': 0.0314, 'loadgen': 0.0097} statuses {'200': 476406} err 0
[00:42:53] native-base-mi rep 3: room_show c=1 212.9 rps p50 4.587 p99 6.115 cpu ms/req {'campfire': 4.6127, 'loadgen': 0.0547} statuses {'200': 852} err 0
[00:42:57] native-base-mi rep 3: room_show c=16 910.9 rps p50 17.343 p99 29.871 cpu ms/req {'campfire': 4.1393, 'loadgen': 0.024} statuses {'200': 3660} err 0
[00:43:01] native-base-mi rep 3: room_show c=64 878.5 rps p50 70.847 p99 125.695 cpu ms/req {'campfire': 4.4239, 'loadgen': 0.0316} statuses {'200': 3576} err 0
[00:43:06] native-base-mi rep 3: room_show_identity c=1 461.1 rps p50 2.049 p99 3.495 cpu ms/req {'campfire': 1.9892, 'loadgen': 0.1768} statuses {'200': 1845} err 0
[00:43:10] native-base-mi rep 3: room_show_identity c=16 1811.0 rps p50 8.599 p99 15.567 cpu ms/req {'campfire': 1.8431, 'loadgen': 0.0959} statuses {'200': 7254} err 0
[00:43:14] native-base-mi rep 3: room_show_identity c=64 2053.1 rps p50 30.591 p99 52.735 cpu ms/req {'campfire': 1.723, 'loadgen': 0.0741} statuses {'200': 8259} err 0
[00:43:19] native-base-mi rep 3: messages_page c=1 248.9 rps p50 3.765 p99 5.867 cpu ms/req {'campfire': 3.9157, 'loadgen': 0.0526} statuses {'200': 996} err 0
[00:43:23] native-base-mi rep 3: messages_page c=16 957.5 rps p50 16.335 p99 27.679 cpu ms/req {'campfire': 3.7445, 'loadgen': 0.0388} statuses {'200': 3843} err 0
[00:43:27] native-base-mi rep 3: messages_page c=64 1109.3 rps p50 56.511 p99 92.287 cpu ms/req {'campfire': 3.4165, 'loadgen': 0.0319} statuses {'200': 4487} err 0
[00:43:32] native-base-mi rep 3: sidebar c=1 1390.1 rps p50 0.699 p99 1.062 cpu ms/req {'campfire': 0.6959, 'loadgen': 0.0161} statuses {'200': 5561} err 0
[00:43:36] native-base-mi rep 3: sidebar c=16 5006.2 rps p50 3.055 p99 6.099 cpu ms/req {'campfire': 0.7077, 'loadgen': 0.0193} statuses {'200': 20038} err 0
[00:43:40] native-base-mi rep 3: sidebar c=64 5531.6 rps p50 11.271 p99 20.831 cpu ms/req {'campfire': 0.689, 'loadgen': 0.0211} statuses {'200': 22177} err 0
[00:43:45] native-base-mi rep 3: post_message c=1 1048.2 rps p50 0.746 p99 12.247 cpu ms/req {'campfire': 0.8705, 'loadgen': 0.0213} statuses {'200': 4193} err 0
[00:43:49] native-base-mi rep 3: post_message c=16 2071.4 rps p50 4.171 p99 30.591 cpu ms/req {'campfire': 0.8404, 'loadgen': 0.0203} statuses {'200': 8294} err 0
[00:43:53] native-base-mi rep 3: post_message c=64 1965.8 rps p50 31.551 p99 59.775 cpu ms/req {'campfire': 0.89, 'loadgen': 0.0289} statuses {'200': 7899} err 0
[00:44:18] native-base-mi rep 3: cable 1000 ready 1000 tput 77.0 msg/s all p50 17.551 cpu us/delivery {'campfire': 44.11, 'loadgen': 29.11} mem {'before': {'peak_anon_mb': 513.5}, 'connect': {'peak_anon_mb': 662.9, 'end_anon_mb': 662.9, 'peak_threads': 116, 'thrust_peak_anon_mb': 0, 'cgroup_peak_mb': 0}, 'connected': {'peak_anon_mb': 664.9, 'end_anon_mb': 664.9, 'peak_threads': 116, 'thrust_peak_anon_mb': 0, 'cgroup_peak_mb': 0}, 'paced': {'peak_anon_mb': 703.8, 'end_anon_mb': 695.0, 'peak_threads': 116, 'thrust_peak_anon_mb': 0, 'cgroup_peak_mb': 0}, 'paced_drained': {'peak_anon_mb': 695.0, 'end_anon_mb': 695.0, 'peak_threads': 116, 'thrust_peak_anon_mb': 0, 'cgroup_peak_mb': 0}, 'saturated': {'peak_anon_mb': 711.2, 'end_anon_mb': 711.2, 'peak_threads': 116, 'thrust_peak_anon_mb': 0, 'cgroup_peak_mb': 0}, 'saturated_posted': {'peak_anon_mb': 711.2, 'end_anon_mb': 711.2, 'peak_threads': 116, 'thrust_peak_anon_mb': 0, 'cgroup_peak_mb': 0}, 'saturated_drained': {'peak_anon_mb': 711.2, 'end_anon_mb': 711.2, 'peak_threads': 116, 'thrust_peak_anon_mb': 0, 'cgroup_peak_mb': 0}, 'done': {'peak_anon_mb': 711.2, 'end_anon_mb': 710.4, 'peak_threads': 116, 'thrust_peak_anon_mb': 0, 'cgroup_peak_mb': 0}}
[00:44:18] native-tuned-mi rep 3: starting (load 11.02 15.96 19.26)
[00:44:25] native-tuned-mi rep 3: up c=1 28671.6 rps p50 0.032 p99 0.059 cpu ms/req {'campfire': 0.0241, 'loadgen': 0.0098} statuses {'200': 114688} err 0
[00:44:29] native-tuned-mi rep 3: up c=16 137858.7 rps p50 0.112 p99 0.213 cpu ms/req {'campfire': 0.0267, 'loadgen': 0.0094} statuses {'200': 551486} err 0
[00:44:33] native-tuned-mi rep 3: up c=64 120203.5 rps p50 0.526 p99 1.013 cpu ms/req {'campfire': 0.0309, 'loadgen': 0.0104} statuses {'200': 480940} err 0
[00:44:38] native-tuned-mi rep 3: room_show c=1 225.2 rps p50 4.339 p99 5.871 cpu ms/req {'campfire': 4.3618, 'loadgen': 0.0503} statuses {'200': 901} err 0
[00:44:42] native-tuned-mi rep 3: room_show c=16 909.1 rps p50 17.359 p99 29.695 cpu ms/req {'campfire': 4.132, 'loadgen': 0.0281} statuses {'200': 3652} err 0
[00:44:46] native-tuned-mi rep 3: room_show c=64 861.7 rps p50 72.191 p99 129.535 cpu ms/req {'campfire': 4.5128, 'loadgen': 0.0418} statuses {'200': 3510} err 0
[00:44:51] native-tuned-mi rep 3: room_show_identity c=1 482.0 rps p50 1.948 p99 3.277 cpu ms/req {'campfire': 1.8922, 'loadgen': 0.1823} statuses {'200': 1929} err 0
[00:44:55] native-tuned-mi rep 3: room_show_identity c=16 1918.6 rps p50 8.095 p99 14.407 cpu ms/req {'campfire': 1.7434, 'loadgen': 0.1002} statuses {'200': 7686} err 0
[00:44:59] native-tuned-mi rep 3: room_show_identity c=64 2134.9 rps p50 29.391 p99 51.135 cpu ms/req {'campfire': 1.6568, 'loadgen': 0.0769} statuses {'200': 8589} err 0
[00:45:04] native-tuned-mi rep 3: messages_page c=1 245.9 rps p50 4.049 p99 5.539 cpu ms/req {'campfire': 3.9533, 'loadgen': 0.0563} statuses {'200': 984} err 0
[00:45:08] native-tuned-mi rep 3: messages_page c=16 1005.1 rps p50 15.543 p99 26.591 cpu ms/req {'campfire': 3.5606, 'loadgen': 0.0351} statuses {'200': 4033} err 0
[00:45:12] native-tuned-mi rep 3: messages_page c=64 1172.1 rps p50 53.407 p99 87.103 cpu ms/req {'campfire': 3.2433, 'loadgen': 0.0293} statuses {'200': 4739} err 0
[00:45:17] native-tuned-mi rep 3: sidebar c=1 1476.5 rps p50 0.656 p99 1.063 cpu ms/req {'campfire': 0.6501, 'loadgen': 0.016} statuses {'200': 5907} err 0
[00:45:21] native-tuned-mi rep 3: sidebar c=16 5288.6 rps p50 2.897 p99 5.775 cpu ms/req {'campfire': 0.667, 'loadgen': 0.0192} statuses {'200': 21169} err 0
[00:45:25] native-tuned-mi rep 3: sidebar c=64 6174.1 rps p50 10.143 p99 18.159 cpu ms/req {'campfire': 0.621, 'loadgen': 0.0185} statuses {'200': 24749} err 0
[00:45:30] native-tuned-mi rep 3: post_message c=1 995.6 rps p50 0.749 p99 12.191 cpu ms/req {'campfire': 0.8649, 'loadgen': 0.025} statuses {'200': 3989} err 0
[00:45:34] native-tuned-mi rep 3: post_message c=16 2056.6 rps p50 4.323 p99 29.455 cpu ms/req {'campfire': 0.8546, 'loadgen': 0.0249} statuses {'200': 8249} err 0
[00:45:38] native-tuned-mi rep 3: post_message c=64 2172.9 rps p50 28.591 p99 52.991 cpu ms/req {'campfire': 0.8492, 'loadgen': 0.0284} statuses {'200': 8738} err 0
[00:46:02] native-tuned-mi rep 3: cable 1000 ready 1000 tput 72.5 msg/s all p50 16.263 cpu us/delivery {'campfire': 47.27, 'loadgen': 32.05} mem {'before': {'peak_anon_mb': 538.2}, 'connect': {'peak_anon_mb': 692.3, 'end_anon_mb': 692.3, 'peak_threads': 119, 'thrust_peak_anon_mb': 0, 'cgroup_peak_mb': 0}, 'connected': {'peak_anon_mb': 692.3, 'end_anon_mb': 692.3, 'peak_threads': 119, 'thrust_peak_anon_mb': 0, 'cgroup_peak_mb': 0}, 'paced': {'peak_anon_mb': 726.5, 'end_anon_mb': 716.7, 'peak_threads': 119, 'thrust_peak_anon_mb': 0, 'cgroup_peak_mb': 0}, 'paced_drained': {'peak_anon_mb': 716.7, 'end_anon_mb': 716.7, 'peak_threads': 119, 'thrust_peak_anon_mb': 0, 'cgroup_peak_mb': 0}, 'saturated': {'peak_anon_mb': 754.4, 'end_anon_mb': 739.4, 'peak_threads': 119, 'thrust_peak_anon_mb': 0, 'cgroup_peak_mb': 0}, 'saturated_posted': {'peak_anon_mb': 739.4, 'end_anon_mb': 739.4, 'peak_threads': 119, 'thrust_peak_anon_mb': 0, 'cgroup_peak_mb': 0}, 'saturated_drained': {'peak_anon_mb': 739.4, 'end_anon_mb': 739.4, 'peak_threads': 119, 'thrust_peak_anon_mb': 0, 'cgroup_peak_mb': 0}, 'done': {'peak_anon_mb': 739.4, 'end_anon_mb': 738.7, 'peak_threads': 119, 'thrust_peak_anon_mb': 0, 'cgroup_peak_mb': 0}}
```
date: 2026-09-27T00:14:40+0200
host: 7.2.5-4-omarchy, 32 threads
server cpus: 8-11; loadgen cpus: 12-15
image: campfire-rust:perf-a654b08 sha256:82a2c82b7f7ff1d371c701e3d9f81b894f76c1120231f421a817d183748a54c3
native-base: ./target/perf-base/release/campfire preload=
native-lto: ./target/perf-lto/release/campfire preload=
native-tuned: ./target/perf-tuned/release/campfire preload=
native-base-je: ./target/perf-base/release/campfire preload=/usr/lib/libjemalloc.so
native-base-mi: ./target/perf-base/release/campfire preload=./target/bench/libmimalloc.so
native-tuned-mi: ./target/perf-tuned/release/campfire preload=./target/bench/libmimalloc.so
env: WEB_CONCURRENCY=3 RAILS_MAX_THREADS=5 JOB_CONCURRENCY=3
routes: up,room_show,room_show_identity,messages_page,sidebar,post_message; concs: 1,16,64; secs: 4; cable: 1000; app env:
```

Reps per configuration: native-base 3, native-base-je 3, native-base-mi 3, native-lto 3, native-tuned 3, native-tuned-mi 3. Cells: median [min–max]; (×) is the gain over native-base (>1 is better).
Host load (1-min loadavg at start of each run): native-base 8.86/41.02/24.18, native-base-je 10.72/29.78/17.15, native-base-mi 9.88/38.56/13.27, native-lto 8.14/30.66/20.32, native-tuned 8.13/29.71/17.76, native-tuned-mi 34.88/28.25/11.02

### HTTP up

| Metric | native-base | native-base-je | native-base-mi | native-lto | native-tuned | native-tuned-mi |
|---|---|---|---|---|---|---|
| c=1 req/s | 18,766 [9,182–27,520] | 19,538 [9,989–25,631] (1.04×) | 22,153 [18,060–26,195] (1.18×) | 20,693 [18,012–29,342] (1.10×) | 28,362 [17,510–28,505] (1.51×) | 14,882 [8,342–28,672] (0.79×) |
| c=1 p50 ms | 0.043 [0.034–0.078] | 0.045 [0.037–0.083] (0.96×) | 0.041 [0.037–0.044] (1.05×) | 0.039 [0.033–0.045] (1.10×) | 0.033 [0.032–0.046] (1.30×) | 0.057 [0.032–0.081] (0.75×) |
| c=1 p99 ms | 0.15 [0.053–0.76] | 0.10 [0.065–0.40] (1.44×) | 0.080 [0.045–0.15] (1.85×) | 0.13 [0.040–0.16] (1.14×) | 0.062 [0.055–0.17] (2.39×) | 0.22 [0.059–0.92] (0.68×) |
| c=16 req/s | 81,879 [76,025–133,938] | 117,885 [80,778–128,294] (1.44×) | 119,695 [92,002–136,381] (1.46×) | 120,882 [108,589–141,676] (1.48×) | 117,494 [104,935–144,535] (1.43×) | 100,394 [53,980–137,859] (1.23×) |
| c=16 p50 ms | 0.19 [0.12–0.20] | 0.13 [0.12–0.19] (1.43×) | 0.13 [0.12–0.17] (1.43×) | 0.13 [0.11–0.14] (1.47×) | 0.13 [0.11–0.15] (1.42×) | 0.15 [0.11–0.23] (1.25×) |
| c=16 p99 ms | 0.40 [0.19–0.48] | 0.24 [0.20–0.44] (1.65×) | 0.23 [0.19–0.37] (1.72×) | 0.24 [0.18–0.34] (1.65×) | 0.27 [0.18–0.36] (1.51×) | 0.38 [0.21–1.66] (1.06×) |
| c=64 req/s | 90,488 [85,111–134,153] | 117,228 [81,435–134,644] (1.30×) | 119,077 [78,550–126,619] (1.32×) | 106,838 [106,029–137,758] (1.18×) | 122,006 [104,140–144,794] (1.35×) | 112,766 [87,010–120,204] (1.25×) |
| c=64 p50 ms | 0.69 [0.47–0.73] | 0.54 [0.47–0.76] (1.27×) | 0.53 [0.49–0.79] (1.29×) | 0.58 [0.46–0.58] (1.19×) | 0.52 [0.44–0.58] (1.33×) | 0.55 [0.53–0.69] (1.24×) |
| c=64 p99 ms | 1.45 [0.85–1.55] | 1.03 [0.85–1.64] (1.41×) | 1.08 [1.02–1.71] (1.35×) | 1.28 [0.83–1.34] (1.13×) | 1.01 [0.82–1.63] (1.44×) | 1.17 [1.01–1.94] (1.24×) |
| c=1 campfire CPU ms/req | 0.037 [0.026–0.058] | 0.037 [0.029–0.063] (1.00×) | 0.033 [0.028–0.039] (1.14×) | 0.034 [0.024–0.037] (1.10×) | 0.024 [0.024–0.036] (1.52×) | 0.042 [0.024–0.055] (0.88×) |
| c=1 thrust CPU ms/req | – | – | – | – | – | – |
| c=1 docker-proxy CPU ms/req | – | – | – | – | – | – |
| c=1 loadgen cores busy | 0.25 [0.20–0.25] | 0.25 [0.23–0.25] | 0.24 [0.24–0.25] | 0.27 [0.26–0.27] | 0.28 [0.28–0.29] | 0.26 [0.23–0.28] |
| c=1 campfire cores busy | 0.69 [0.53–0.73] | 0.72 [0.63–0.74] | 0.72 [0.70–0.74] | 0.70 [0.67–0.71] | 0.69 [0.64–0.69] | 0.63 [0.46–0.69] |
| c=16 campfire CPU ms/req | 0.044 [0.028–0.047] | 0.032 [0.029–0.045] (1.40×) | 0.031 [0.028–0.040] (1.42×) | 0.031 [0.026–0.033] (1.45×) | 0.031 [0.026–0.034] (1.44×) | 0.034 [0.027–0.043] (1.29×) |
| c=16 thrust CPU ms/req | – | – | – | – | – | – |
| c=16 docker-proxy CPU ms/req | – | – | – | – | – | – |
| c=16 loadgen cores busy | 1.00 [0.94–1.11] | 1.08 [1.02–1.12] | 1.14 [1.08–1.16] | 1.21 [1.17–1.22] | 1.21 [1.17–1.25] | 1.15 [0.72–1.30] |
| c=16 campfire cores busy | 3.63 [3.55–3.75] | 3.74 [3.62–3.75] | 3.74 [3.64–3.76] | 3.71 [3.57–3.74] | 3.62 [3.53–3.73] | 3.46 [2.32–3.68] |
| c=64 campfire CPU ms/req | 0.041 [0.028–0.043] | 0.032 [0.028–0.045] (1.28×) | 0.031 [0.030–0.046] (1.30×) | 0.034 [0.027–0.035] (1.20×) | 0.030 [0.025–0.034] (1.35×) | 0.033 [0.031–0.039] (1.25×) |
| c=64 thrust CPU ms/req | – | – | – | – | – | – |
| c=64 docker-proxy CPU ms/req | – | – | – | – | – | – |
| c=64 loadgen cores busy | 1.08 [1.06–1.13] | 1.15 [1.04–1.16] | 1.16 [1.02–1.19] | 1.21 [1.21–1.23] | 1.26 [1.18–1.30] | 1.25 [1.03–1.25] |
| c=64 campfire cores busy | 3.70 [3.69–3.75] | 3.73 [3.68–3.76] | 3.74 [3.62–3.75] | 3.67 [3.64–3.73] | 3.69 [3.56–3.70] | 3.67 [3.41–3.71] |
| avg response bytes | 103 [103–103] | 103 [103–103] | 103 [103–103] | 103 [103–103] | 103 [103–103] | 103 [103–103] |

### HTTP room_show

| Metric | native-base | native-base-je | native-base-mi | native-lto | native-tuned | native-tuned-mi |
|---|---|---|---|---|---|---|
| c=1 req/s | 170 [166–229] | 202 [143–234] (1.19×) | 196 [124–213] (1.15×) | 207 [180–241] (1.22×) | 239 [156–241] (1.41×) | 168 [118–225] (0.99×) |
| c=1 p50 ms | 5.73 [4.28–5.86] | 4.86 [4.23–6.86] (1.18×) | 4.89 [4.59–7.98] (1.17×) | 4.62 [4.07–4.82] (1.24×) | 4.10 [4.09–6.28] (1.40×) | 5.83 [4.34–8.18] (0.98×) |
| c=1 p99 ms | 8.59 [5.44–9.73] | 6.65 [5.01–10.2] (1.29×) | 7.26 [6.12–13.0] (1.18×) | 7.04 [4.97–10.8] (1.22×) | 5.15 [5.07–9.61] (1.67×) | 8.90 [5.87–13.0] (0.96×) |
| c=16 req/s | 702 [678–928] | 878 [664–890] (1.25×) | 668 [582–911] (0.95×) | 736 [632–904] (1.05×) | 844 [611–963] (1.20×) | 701 [499–909] (1.00×) |
| c=16 p50 ms | 22.3 [16.9–23.1] | 17.9 [17.6–23.7] (1.25×) | 23.5 [17.3–27.0] (0.95×) | 21.3 [17.4–24.8] (1.05×) | 18.4 [16.4–25.6] (1.21×) | 22.3 [17.4–31.1] (1.00×) |
| c=16 p99 ms | 39.1 [29.1–39.8] | 30.5 [30.4–40.9] (1.28×) | 40.5 [29.9–46.1] (0.97×) | 37.1 [30.1–42.9] (1.05×) | 32.6 [28.2–47.2] (1.20×) | 39.4 [29.7–55.8] (0.99×) |
| c=64 req/s | 739 [729–924] | 828 [683–889] (1.12×) | 687 [577–878] (0.93×) | 825 [678–923] (1.12×) | 823 [650–938] (1.11×) | 694 [564–862] (0.94×) |
| c=64 p50 ms | 84.3 [67.9–85.1] | 75.2 [70.2–91.0] (1.12×) | 90.9 [70.8–108] (0.93×) | 75.5 [67.6–91.5] (1.12×) | 75.6 [66.6–95.1] (1.12×) | 90.6 [72.2–109] (0.93×) |
| c=64 p99 ms | 149 [119–149] | 131 [126–164] (1.13×) | 162 [126–185] (0.92×) | 139 [119–160] (1.07×) | 137 [117–187] (1.09×) | 158 [130–196] (0.94×) |
| c=1 campfire CPU ms/req | 5.68 [4.30–5.80] | 4.86 [4.22–6.63] (1.17×) | 4.99 [4.61–7.38] (1.14×) | 4.70 [4.09–5.29] (1.21×) | 4.11 [4.09–6.14] (1.38×) | 5.69 [4.36–7.36] (1.00×) |
| c=1 thrust CPU ms/req | – | – | – | – | – | – |
| c=1 docker-proxy CPU ms/req | – | – | – | – | – | – |
| c=1 loadgen cores busy | 0.020 [0.010–0.020] | 0.010 [0.010–0.020] | 0.010 [0.010–0.030] | 0.010 [0.010–0.020] | 0.010 [0.010–0.020] | 0.020 [0.010–0.020] |
| c=1 campfire cores busy | 0.97 [0.96–0.99] | 0.98 [0.95–0.99] | 0.98 [0.92–0.98] | 0.97 [0.95–0.98] | 0.98 [0.96–0.98] | 0.96 [0.87–0.98] |
| c=16 campfire CPU ms/req | 5.26 [4.08–5.54] | 4.34 [4.23–5.73] (1.21×) | 5.53 [4.14–6.39] (0.95×) | 5.08 [4.16–5.82] (1.04×) | 4.40 [3.93–5.85] (1.19×) | 5.36 [4.13–6.98] (0.98×) |
| c=16 thrust CPU ms/req | – | – | – | – | – | – |
| c=16 docker-proxy CPU ms/req | – | – | – | – | – | – |
| c=16 loadgen cores busy | 0.040 [0.020–0.040] | 0.030 [0.030–0.050] | 0.040 [0.020–0.070] | 0.040 [0.020–0.050] | 0.030 [0.020–0.060] | 0.050 [0.030–0.060] |
| c=16 campfire cores busy | 3.76 [3.69–3.79] | 3.80 [3.77–3.81] | 3.72 [3.69–3.77] | 3.74 [3.67–3.76] | 3.71 [3.58–3.79] | 3.75 [3.48–3.76] |
| c=64 campfire CPU ms/req | 5.22 [4.18–5.26] | 4.71 [4.37–5.70] (1.11×) | 5.65 [4.42–6.66] (0.92×) | 4.67 [4.21–5.63] (1.12×) | 4.69 [4.10–5.78] (1.11×) | 5.59 [4.51–6.67] (0.93×) |
| c=64 thrust CPU ms/req | – | – | – | – | – | – |
| c=64 docker-proxy CPU ms/req | – | – | – | – | – | – |
| c=64 loadgen cores busy | 0.040 [0.030–0.050] | 0.040 [0.030–0.050] | 0.050 [0.030–0.070] | 0.040 [0.030–0.050] | 0.040 [0.030–0.060] | 0.050 [0.040–0.070] |
| c=64 campfire cores busy | 3.86 [3.83–3.87] | 3.89 [3.88–3.90] | 3.88 [3.84–3.89] | 3.85 [3.82–3.89] | 3.85 [3.76–3.86] | 3.88 [3.76–3.89] |
| avg response bytes | 44,270 [44,261–44,274] | 44,271 [44,253–44,283] | 44,291 [44,257–44,316] | 44,271 [44,267–44,292] | 44,248 [44,245–44,294] | 44,277 [44,229–44,282] |

### HTTP room_show_identity

| Metric | native-base | native-base-je | native-base-mi | native-lto | native-tuned | native-tuned-mi |
|---|---|---|---|---|---|---|
| c=1 req/s | 402 [276–530] | 517 [343–532] (1.28×) | 447 [249–461] (1.11×) | 532 [294–618] (1.32×) | 578 [262–596] (1.43×) | 328 [241–482] (0.82×) |
| c=1 p50 ms | 2.33 [1.80–3.47] | 1.87 [1.84–2.68] (1.25×) | 2.14 [2.05–3.63] (1.09×) | 1.79 [1.58–3.26] (1.30×) | 1.69 [1.63–3.74] (1.38×) | 2.91 [1.95–3.81] (0.80×) |
| c=1 p99 ms | 4.07 [2.85–6.20] | 2.79 [2.55–5.62] (1.46×) | 3.75 [3.50–8.27] (1.09×) | 2.93 [2.10–5.85] (1.39×) | 2.31 [2.24–7.81] (1.76×) | 5.29 [3.28–8.78] (0.77×) |
| c=16 req/s | 1,498 [1,300–1,980] | 2,051 [1,108–2,183] (1.37×) | 1,811 [1,332–2,050] (1.21×) | 1,979 [1,270–2,128] (1.32×) | 2,007 [1,648–2,150] (1.34×) | 1,445 [1,335–1,919] (0.96×) |
| c=16 p50 ms | 10.4 [7.88–11.9] | 7.59 [7.12–14.0] (1.37×) | 8.60 [7.62–11.6] (1.21×) | 7.87 [7.37–12.0] (1.32×) | 7.78 [7.29–9.41] (1.33×) | 10.7 [8.10–11.4] (0.97×) |
| c=16 p99 ms | 19.1 [14.0–22.5] | 13.5 [12.4–26.4] (1.42×) | 15.6 [13.0–21.1] (1.23×) | 13.7 [12.4–25.1] (1.40×) | 13.2 [12.3–17.4] (1.44×) | 19.7 [14.4–23.3] (0.97×) |
| c=64 req/s | 1,546 [1,232–2,015] | 1,802 [1,128–2,240] (1.17×) | 2,053 [1,517–2,158] (1.33×) | 1,756 [1,455–2,154] (1.14×) | 1,777 [1,472–2,117] (1.15×) | 1,703 [1,640–2,135] (1.10×) |
| c=64 p50 ms | 40.0 [31.0–49.7] | 34.2 [27.8–55.0] (1.17×) | 30.6 [28.9–40.8] (1.31×) | 34.8 [29.1–42.6] (1.15×) | 35.2 [29.6–41.8] (1.14×) | 36.0 [29.4–37.8] (1.11×) |
| c=64 p99 ms | 73.2 [53.0–98.4] | 64.4 [49.3–103] (1.14×) | 52.7 [50.6–77.0] (1.39×) | 69.1 [50.6–80.5] (1.06×) | 61.7 [50.5–81.0] (1.19×) | 70.7 [51.1–73.5] (1.04×) |
| c=1 campfire CPU ms/req | 2.24 [1.74–3.17] | 1.79 [1.73–2.57] (1.25×) | 2.08 [1.99–3.40] (1.08×) | 1.74 [1.51–2.97] (1.29×) | 1.59 [1.54–3.15] (1.41×) | 2.69 [1.89–3.30] (0.83×) |
| c=1 thrust CPU ms/req | – | – | – | – | – | – |
| c=1 docker-proxy CPU ms/req | – | – | – | – | – | – |
| c=1 loadgen cores busy | 0.090 [0.080–0.090] | 0.090 [0.080–0.090] | 0.080 [0.070–0.10] | 0.080 [0.060–0.090] | 0.080 [0.080–0.10] | 0.090 [0.090–0.090] |
| c=1 campfire cores busy | 0.90 [0.88–0.92] | 0.92 [0.88–0.93] | 0.92 [0.85–0.93] | 0.92 [0.88–0.93] | 0.92 [0.82–0.92] | 0.88 [0.80–0.91] |
| c=16 campfire CPU ms/req | 2.26 [1.73–2.59] | 1.67 [1.58–2.92] (1.36×) | 1.84 [1.67–2.55] (1.23×) | 1.72 [1.62–2.58] (1.32×) | 1.69 [1.60–2.03] (1.34×) | 2.33 [1.74–2.51] (0.97×) |
| c=16 thrust CPU ms/req | – | – | – | – | – | – |
| c=16 docker-proxy CPU ms/req | – | – | – | – | – | – |
| c=16 loadgen cores busy | 0.19 [0.15–0.22] | 0.17 [0.15–0.25] | 0.17 [0.16–0.22] | 0.16 [0.16–0.21] | 0.17 [0.15–0.19] | 0.22 [0.19–0.24] |
| c=16 campfire cores busy | 3.39 [3.37–3.42] | 3.41 [3.23–3.46] | 3.39 [3.33–3.42] | 3.40 [3.27–3.44] | 3.38 [3.34–3.44] | 3.35 [3.34–3.36] |
| c=64 campfire CPU ms/req | 2.27 [1.76–2.79] | 1.95 [1.61–2.94] (1.16×) | 1.72 [1.66–2.33] (1.32×) | 1.99 [1.65–2.36] (1.14×) | 1.97 [1.68–2.36] (1.15×) | 2.05 [1.66–2.15] (1.10×) |
| c=64 thrust CPU ms/req | – | – | – | – | – | – |
| c=64 docker-proxy CPU ms/req | – | – | – | – | – | – |
| c=64 loadgen cores busy | 0.18 [0.15–0.19] | 0.17 [0.17–0.26] | 0.15 [0.15–0.19] | 0.17 [0.15–0.19] | 0.17 [0.16–0.19] | 0.20 [0.16–0.20] |
| c=64 campfire cores busy | 3.51 [3.43–3.55] | 3.52 [3.31–3.60] | 3.54 [3.53–3.58] | 3.50 [3.44–3.55] | 3.50 [3.47–3.56] | 3.52 [3.50–3.54] |
| avg response bytes | 463,818 [463,818–463,818] | 463,818 [463,818–463,818] | 463,818 [463,818–463,818] | 463,818 [463,818–463,818] | 463,818 [463,818–463,818] | 463,818 [463,818–463,818] |

### HTTP messages_page

| Metric | native-base | native-base-je | native-base-mi | native-lto | native-tuned | native-tuned-mi |
|---|---|---|---|---|---|---|
| c=1 req/s | 229 [189–297] | 280 [134–289] (1.22×) | 249 [182–287] (1.09×) | 233 [165–317] (1.02×) | 294 [168–304] (1.29×) | 227 [112–246] (0.99×) |
| c=1 p50 ms | 4.27 [3.31–5.10] | 3.49 [3.37–7.25] (1.22×) | 3.77 [3.41–5.42] (1.13×) | 4.12 [3.10–5.92] (1.04×) | 3.35 [3.23–5.81] (1.27×) | 4.21 [4.05–8.42] (1.01×) |
| c=1 p99 ms | 6.28 [4.13–9.38] | 4.86 [4.51–13.4] (1.29×) | 5.87 [4.19–8.07] (1.07×) | 6.60 [3.82–10.4] (0.95×) | 4.16 [4.10–9.33] (1.51×) | 7.15 [5.54–20.9] (0.88×) |
| c=16 req/s | 864 [833–1,166] | 1,100 [766–1,131] (1.27×) | 958 [734–1,158] (1.11×) | 971 [732–1,182] (1.12×) | 1,138 [672–1,185] (1.32×) | 933 [555–1,005] (1.08×) |
| c=16 p50 ms | 18.2 [13.5–18.8] | 14.2 [13.9–20.4] (1.28×) | 16.3 [13.6–21.3] (1.11×) | 16.2 [13.3–21.2] (1.12×) | 13.9 [13.3–23.2] (1.31×) | 16.7 [15.5–27.4] (1.09×) |
| c=16 p99 ms | 31.2 [21.7–31.8] | 24.1 [22.7–34.8] (1.30×) | 27.7 [22.1–36.0] (1.13×) | 27.9 [22.3–38.2] (1.12×) | 22.8 [21.8–40.4] (1.37×) | 29.5 [26.6–59.2] (1.06×) |
| c=64 req/s | 925 [795–1,209] | 1,200 [864–1,224] (1.30×) | 1,109 [831–1,223] (1.20×) | 1,055 [767–1,228] (1.14×) | 1,024 [789–1,199] (1.11×) | 896 [728–1,172] (0.97×) |
| c=64 p50 ms | 67.8 [51.6–78.0] | 52.4 [51.1–72.1] (1.30×) | 56.5 [51.2–74.9] (1.20×) | 59.5 [50.8–81.1] (1.14×) | 61.0 [52.4–79.1] (1.11×) | 70.0 [53.4–86.3] (0.97×) |
| c=64 p99 ms | 113 [83.8–141] | 84.7 [84.2–120] (1.33×) | 92.3 [83.5–124] (1.22×) | 96.6 [85.3–142] (1.16×) | 105 [84.7–136] (1.07×) | 118 [87.1–146] (0.96×) |
| c=1 campfire CPU ms/req | 4.21 [3.31–4.98] | 3.49 [3.41–6.41] (1.21×) | 3.92 [3.42–5.21] (1.08×) | 4.14 [3.10–5.49] (1.02×) | 3.34 [3.22–5.54] (1.26×) | 4.19 [3.95–6.69] (1.01×) |
| c=1 thrust CPU ms/req | – | – | – | – | – | – |
| c=1 docker-proxy CPU ms/req | – | – | – | – | – | – |
| c=1 loadgen cores busy | 0.020 [0.010–0.020] | 0.010 [0.010–0.030] | 0.010 [0.010–0.020] | 0.020 [0.010–0.020] | 0.010 [0.010–0.020] | 0.020 [0.010–0.030] |
| c=1 campfire cores busy | 0.96 [0.94–0.98] | 0.98 [0.86–0.98] | 0.98 [0.95–0.98] | 0.96 [0.91–0.99] | 0.98 [0.93–0.98] | 0.95 [0.75–0.97] |
| c=16 campfire CPU ms/req | 4.17 [3.12–4.30] | 3.29 [3.18–4.77] (1.27×) | 3.74 [3.17–5.01] (1.11×) | 3.71 [3.05–4.87] (1.12×) | 3.15 [3.02–5.34] (1.32×) | 3.88 [3.56–5.64] (1.08×) |
| c=16 thrust CPU ms/req | – | – | – | – | – | – |
| c=16 docker-proxy CPU ms/req | – | – | – | – | – | – |
| c=16 loadgen cores busy | 0.040 [0.020–0.050] | 0.040 [0.030–0.060] | 0.040 [0.020–0.060] | 0.040 [0.020–0.060] | 0.020 [0.020–0.060] | 0.050 [0.040–0.070] |
| c=16 campfire cores busy | 3.61 [3.58–3.64] | 3.62 [3.60–3.66] | 3.68 [3.59–3.68] | 3.60 [3.56–3.61] | 3.59 [3.58–3.59] | 3.58 [3.13–3.62] |
| c=64 campfire CPU ms/req | 4.08 [3.12–4.68] | 3.15 [3.12–4.46] (1.30×) | 3.42 [3.12–4.58] (1.19×) | 3.55 [3.09–4.81] (1.15×) | 3.61 [3.16–4.78] (1.13×) | 4.28 [3.24–5.06] (0.95×) |
| c=64 thrust CPU ms/req | – | – | – | – | – | – |
| c=64 docker-proxy CPU ms/req | – | – | – | – | – | – |
| c=64 loadgen cores busy | 0.050 [0.020–0.070] | 0.050 [0.030–0.060] | 0.040 [0.030–0.060] | 0.040 [0.030–0.060] | 0.040 [0.030–0.060] | 0.060 [0.030–0.070] |
| c=64 campfire cores busy | 3.78 [3.72–3.78] | 3.82 [3.77–3.86] | 3.81 [3.79–3.81] | 3.75 [3.69–3.80] | 3.77 [3.70–3.79] | 3.80 [3.68–3.84] |
| avg response bytes | 34,661 [34,657–34,671] | 34,626 [34,613–34,653] | 34,648 [34,644–34,679] | 34,641 [34,637–34,673] | 34,645 [34,637–34,675] | 34,644 [34,643–34,659] |

### HTTP sidebar

| Metric | native-base | native-base-je | native-base-mi | native-lto | native-tuned | native-tuned-mi |
|---|---|---|---|---|---|---|
| c=1 req/s | 1,043 [515–1,674] | 1,317 [802–1,453] (1.26×) | 1,390 [848–1,531] (1.33×) | 1,150 [934–1,473] (1.10×) | 1,448 [784–1,537] (1.39×) | 885 [778–1,476] (0.85×) |
| c=1 p50 ms | 0.87 [0.59–1.68] | 0.73 [0.67–1.15] (1.19×) | 0.70 [0.64–1.10] (1.25×) | 0.81 [0.66–1.00] (1.07×) | 0.66 [0.64–1.13] (1.32×) | 1.07 [0.66–1.18] (0.82×) |
| c=1 p99 ms | 2.08 [0.73–5.21] | 1.14 [1.02–2.94] (1.83×) | 1.06 [0.94–2.64] (1.96×) | 1.82 [1.02–2.48] (1.14×) | 1.11 [0.95–3.40] (1.88×) | 2.51 [1.06–2.92] (0.83×) |
| c=16 req/s | 5,123 [3,194–5,945] | 5,742 [4,102–6,310] (1.12×) | 4,861 [4,169–5,006] (0.95×) | 4,759 [4,654–5,727] (0.93×) | 6,082 [3,605–6,130] (1.19×) | 4,455 [4,301–5,289] (0.87×) |
| c=16 p50 ms | 3.01 [2.62–4.82] | 2.67 [2.44–3.72] (1.12×) | 3.06 [2.99–3.68] (0.98×) | 3.22 [2.71–3.30] (0.93×) | 2.56 [2.54–4.17] (1.18×) | 3.43 [2.90–3.53] (0.88×) |
| c=16 p99 ms | 5.88 [4.84–9.26] | 5.27 [4.81–7.61] (1.12×) | 7.25 [6.10–7.39] (0.81×) | 6.56 [5.09–6.62] (0.90×) | 4.67 [4.62–9.36] (1.26×) | 6.89 [5.78–7.66] (0.85×) |
| c=64 req/s | 5,686 [3,620–6,252] | 5,622 [4,608–6,570] (0.99×) | 4,852 [4,781–5,532] (0.85×) | 5,456 [4,354–6,519] (0.96×) | 5,450 [4,250–6,163] (0.96×) | 4,655 [3,619–6,174] (0.82×) |
| c=64 p50 ms | 11.0 [10.1–17.3] | 11.1 [9.60–13.5] (0.99×) | 12.8 [11.3–12.9] (0.86×) | 11.4 [9.70–13.8] (0.96×) | 11.4 [10.2–14.6] (0.96×) | 13.4 [10.1–17.3] (0.82×) |
| c=64 p99 ms | 20.2 [17.3–30.6] | 20.1 [16.3–25.9] (1.01×) | 23.6 [20.8–25.6] (0.86×) | 20.9 [16.6–31.3] (0.97×) | 21.5 [17.2–27.5] (0.94×) | 24.5 [18.2–31.2] (0.83×) |
| c=1 campfire CPU ms/req | 0.90 [0.58–1.51] | 0.73 [0.67–1.09] (1.22×) | 0.70 [0.63–1.06] (1.29×) | 0.81 [0.65–0.96] (1.10×) | 0.66 [0.63–1.08] (1.35×) | 1.01 [0.65–1.10] (0.89×) |
| c=1 thrust CPU ms/req | – | – | – | – | – | – |
| c=1 docker-proxy CPU ms/req | – | – | – | – | – | – |
| c=1 loadgen cores busy | 0.030 [0.020–0.050] | 0.020 [0.020–0.040] | 0.020 [0.020–0.040] | 0.030 [0.020–0.040] | 0.030 [0.020–0.040] | 0.040 [0.020–0.040] |
| c=1 campfire cores busy | 0.94 [0.78–0.97] | 0.97 [0.88–0.97] | 0.97 [0.89–0.97] | 0.94 [0.89–0.96] | 0.96 [0.85–0.97] | 0.89 [0.86–0.96] |
| c=16 campfire CPU ms/req | 0.71 [0.62–1.08] | 0.64 [0.58–0.87] (1.11×) | 0.74 [0.71–0.86] (0.95×) | 0.75 [0.62–0.76] (0.94×) | 0.59 [0.59–0.96] (1.19×) | 0.81 [0.67–0.81] (0.87×) |
| c=16 thrust CPU ms/req | – | – | – | – | – | – |
| c=16 docker-proxy CPU ms/req | – | – | – | – | – | – |
| c=16 loadgen cores busy | 0.090 [0.070–0.15] | 0.090 [0.080–0.12] | 0.10 [0.10–0.12] | 0.11 [0.080–0.11] | 0.070 [0.070–0.14] | 0.12 [0.10–0.13] |
| c=16 campfire cores busy | 3.62 [3.45–3.69] | 3.65 [3.59–3.67] | 3.58 [3.55–3.61] | 3.56 [3.56–3.59] | 3.57 [3.47–3.65] | 3.53 [3.51–3.61] |
| c=64 campfire CPU ms/req | 0.66 [0.60–1.01] | 0.68 [0.59–0.83] (0.98×) | 0.79 [0.69–0.79] (0.84×) | 0.68 [0.57–0.83] (0.97×) | 0.68 [0.60–0.87] (0.97×) | 0.82 [0.62–1.03] (0.81×) |
| c=64 thrust CPU ms/req | – | – | – | – | – | – |
| c=64 docker-proxy CPU ms/req | – | – | – | – | – | – |
| c=64 loadgen cores busy | 0.090 [0.080–0.18] | 0.14 [0.090–0.15] | 0.14 [0.12–0.15] | 0.11 [0.080–0.14] | 0.11 [0.080–0.14] | 0.15 [0.11–0.17] |
| c=64 campfire cores busy | 3.77 [3.67–3.78] | 3.84 [3.81–3.85] | 3.81 [3.80–3.84] | 3.73 [3.59–3.73] | 3.68 [3.67–3.73] | 3.83 [3.72–3.83] |
| avg response bytes | 6,277 [6,277–6,277] | 6,277 [6,277–6,277] | 6,277 [6,277–6,277] | 6,277 [6,277–6,277] | 6,277 [6,277–6,277] | 6,277 [6,277–6,277] |

### HTTP post_message

| Metric | native-base | native-base-je | native-base-mi | native-lto | native-tuned | native-tuned-mi |
|---|---|---|---|---|---|---|
| c=1 req/s | 361 [129–1,231] | 412 [59.5–1,106] (1.14×) | 656 [484–1,048] (1.82×) | 780 [356–1,222] (2.16×) | 1,071 [450–1,088] (2.97×) | 531 [316–996] (1.47×) |
| c=1 p50 ms | 0.76 [0.62–0.95] | 0.70 [0.68–1.23] (1.08×) | 1.19 [0.75–1.21] (0.64×) | 0.98 [0.63–2.33] (0.78×) | 0.68 [0.68–1.74] (1.11×) | 1.08 [0.75–1.47] (0.70×) |
| c=1 p99 ms | 66.0 [12.0–284] | 94.1 [12.1–432] (0.70×) | 13.5 [12.2–21.5] (4.89×) | 13.0 [11.7–17.1] (5.08×) | 12.4 [12.4–16.0] (5.31×) | 13.1 [12.2–15.5] (5.04×) |
| c=16 req/s | 1,396 [407–2,269] | 518 [65.1–2,304] (0.37×) | 1,632 [1,004–2,071] (1.17×) | 1,848 [1,280–2,395] (1.32×) | 2,083 [1,539–2,238] (1.49×) | 1,436 [82.5–2,057] (1.03×) |
| c=16 p50 ms | 4.94 [3.69–5.60] | 4.24 [3.80–5.43] (1.17×) | 6.24 [4.17–10.8] (0.79×) | 4.96 [3.69–7.79] (1.00×) | 4.27 [3.61–6.59] (1.16×) | 5.73 [4.32–7.12] (0.86×) |
| c=16 p99 ms | 39.3 [24.7–256] | 173 [20.7–2,431] (0.23×) | 33.9 [30.6–47.3] (1.16×) | 28.7 [19.6–46.2] (1.37×) | 28.7 [23.7–34.8] (1.37×) | 40.4 [29.5–2,992] (0.97×) |
| c=64 req/s | 1,882 [416–2,375] | 1,509 [474–2,402] (0.80×) | 1,804 [1,070–1,966] (0.96×) | 1,896 [1,490–1,977] (1.01×) | 1,958 [1,525–2,393] (1.04×) | 1,390 [141–2,173] (0.74×) |
| c=64 p50 ms | 32.4 [26.6–150] | 41.1 [26.5–133] (0.79×) | 34.3 [31.6–57.1] (0.95×) | 32.4 [27.2–41.8] (1.00×) | 31.1 [26.3–40.1] (1.04×) | 44.8 [28.6–224] (0.72×) |
| c=64 p99 ms | 60.8 [47.4–328] | 84.5 [45.8–294] (0.72×) | 65.7 [59.8–110] (0.93×) | 75.4 [64.8–101] (0.81×) | 64.7 [47.5–74.0] (0.94×) | 86.5 [53.0–1,597] (0.70×) |
| c=1 campfire CPU ms/req | 0.88 [0.70–1.13] | 0.82 [0.80–1.37] (1.08×) | 1.33 [0.87–1.43] (0.66×) | 1.11 [0.71–2.09] (0.79×) | 0.81 [0.80–1.70] (1.09×) | 1.21 [0.86–1.53] (0.73×) |
| c=1 thrust CPU ms/req | – | – | – | – | – | – |
| c=1 docker-proxy CPU ms/req | – | – | – | – | – | – |
| c=1 loadgen cores busy | 0.020 [0.000–0.020] | 0.010 [0.000–0.020] | 0.040 [0.020–0.040] | 0.040 [0.020–0.050] | 0.030 [0.020–0.050] | 0.020 [0.020–0.040] |
| c=1 campfire cores busy | 0.41 [0.11–0.87] | 0.33 [0.080–0.90] | 0.87 [0.69–0.91] | 0.86 [0.74–0.87] | 0.87 [0.77–0.87] | 0.81 [0.38–0.86] |
| c=16 campfire CPU ms/req | 1.00 [0.74–1.10] | 0.86 [0.76–1.03] (1.16×) | 1.19 [0.84–1.55] (0.84×) | 0.99 [0.74–1.39] (1.01×) | 0.84 [0.73–1.26] (1.19×) | 1.07 [0.85–1.31] (0.94×) |
| c=16 thrust CPU ms/req | – | – | – | – | – | – |
| c=16 docker-proxy CPU ms/req | – | – | – | – | – | – |
| c=16 loadgen cores busy | 0.040 [0.020–0.060] | 0.010 [0.000–0.040] | 0.070 [0.040–0.080] | 0.060 [0.040–0.080] | 0.050 [0.040–0.080] | 0.050 [0.000–0.080] |
| c=16 campfire cores busy | 1.54 [0.41–1.67] | 0.45 [0.070–1.76] | 1.74 [1.55–1.95] | 1.78 [1.78–1.83] | 1.76 [1.62–1.94] | 1.76 [0.090–1.88] |
| c=64 campfire CPU ms/req | 1.04 [0.75–1.05] | 0.79 [0.75–1.26] (1.32×) | 1.10 [0.89–1.63] (0.95×) | 0.95 [0.75–1.35] (1.09×) | 0.84 [0.76–1.35] (1.24×) | 0.91 [0.85–1.30] (1.15×) |
| c=64 thrust CPU ms/req | – | – | – | – | – | – |
| c=64 docker-proxy CPU ms/req | – | – | – | – | – | – |
| c=64 loadgen cores busy | 0.050 [0.020–0.070] | 0.050 [0.020–0.080] | 0.080 [0.060–0.080] | 0.070 [0.040–0.090] | 0.060 [0.060–0.10] | 0.060 [0.010–0.090] |
| c=64 campfire cores busy | 1.78 [0.43–1.97] | 1.81 [0.37–1.90] | 1.75 [1.74–1.98] | 1.81 [1.49–2.01] | 1.81 [1.64–2.06] | 1.81 [0.13–1.85] |
| avg response bytes | 2,005 [2,005–2,005] | 2,005 [2,004–2,005] | 2,004 [2,004–2,005] | 2,005 [2,005–2,006] | 2,005 [2,004–2,005] | 2,004 [2,004–2,005] |

### Action Cable, 1000 clients

| Metric | native-base | native-base-je | native-base-mi | native-lto | native-tuned | native-tuned-mi |
|---|---|---|---|---|---|---|
| subscribed | 1,000 [1,000–1,000] | 1,000 [1,000–1,000] | 1,000 [1,000–1,000] | 1,000 [1,000–1,000] | 1,000 [1,000–1,000] | 1,000 [1,000–1,000] |
| paced post→all p50 ms | 17.8 [16.7–19.4] | 15.5 [14.9–26.5] (1.15×) | 24.7 [17.6–42.3] (0.72×) | 20.9 [16.6–21.6] (0.85×) | 16.6 [16.3–41.9] (1.07×) | 26.3 [16.3–29.5] (0.68×) |
| paced post→all p99 ms | 34.0 [30.1–168] | 23.3 [23.0–48.0] (1.46×) | 44.6 [28.1–65.9] (0.76×) | 41.5 [29.9–69.7] (0.82×) | 28.5 [22.0–84.8] (1.19×) | 41.0 [31.4–47.5] (0.83×) |
| paced POST p50 ms | 25.8 [22.4–27.6] | 21.7 [21.7–31.6] (1.19×) | 32.4 [25.2–46.9] (0.80×) | 26.3 [23.2–27.6] (0.98×) | 23.0 [22.0–51.0] (1.12×) | 32.9 [22.8–36.8] (0.78×) |
| max sustained msgs/s (to all) | 66.1 [30.7–91.7] | 69.4 [39.2–82.9] (1.05×) | 42.9 [28.9–77.0] (0.65×) | 65.2 [54.9–78.5] (0.99×) | 77.6 [44.9–83.5] (1.17×) | 56.4 [44.1–72.5] (0.85×) |
| deliveries/s | 66,119 [30,723–91,675] | 69,414 [39,244–82,900] (1.05×) | 42,930 [28,873–77,040] (0.65×) | 65,151 [54,908–78,453] (0.99×) | 77,600 [44,878–83,496] (1.17×) | 56,443 [44,132–72,542] (0.85×) |
| saturated post→all p50 ms | 50.7 [36.4–51.2] | 44.6 [39.8–86.5] (1.14×) | 55.6 [43.9–79.0] (0.91×) | 51.1 [37.7–62.5] (0.99×) | 42.8 [39.7–73.7] (1.18×) | 59.6 [46.1–74.0] (0.85×) |
| campfire CPU µs/delivery | 52.4 [36.0–53.2] | 44.2 [40.2–90.3] (1.19×) | 59.3 [44.1–75.5] (0.88×) | 52.8 [36.4–63.4] (0.99×) | 43.3 [39.6–80.7] (1.21×) | 62.9 [47.3–76.2] (0.83×) |
| thrust CPU µs/delivery | – | – | – | – | – | – |
| docker-proxy CPU µs/delivery | – | – | – | – | – | – |
| loadgen CPU µs/delivery | 33.3 [24.1–34.5] | 29.8 [26.8–55.6] | 37.9 [29.1–44.7] | 34.4 [24.6–40.3] | 29.1 [26.9–50.2] | 40.7 [32.0–47.2] |
| RssAnon peak MB: before | 179 [97.8–294] | 193 [176–404] | 429 [276–514] | 242 [174–285] | 268 [193–280] | 513 [304–538] |
| RssAnon peak MB: connected | 329 [247–444] | 359 [342–553] | 583 [418–665] | 391 [323–434] | 417 [342–429] | 669 [447–692] |
| RssAnon peak MB: paced | 350 [268–464] | 394 [379–581] | 624 [443–704] | 412 [343–455] | 437 [362–449] | 705 [470–726] |
| RssAnon peak MB: saturated | 362 [274–479] | 402 [396–626] | 620 [442–711] | 423 [356–467] | 452 [385–468] | 719 [483–754] |
| RssAnon peak MB: saturated_posted | 362 [274–479] | 399 [378–591] | 617 [440–711] | 422 [356–467] | 452 [373–468] | 692 [475–739] |
| RssAnon peak MB: saturated_drained | 362 [274–479] | 399 [378–591] | 617 [440–711] | 422 [356–467] | 452 [373–468] | 692 [475–739] |
| thrust RssAnon peak MB (saturated) | 0.000 [0.000–0.000] | 0.000 [0.000–0.000] | 0.000 [0.000–0.000] | 0.000 [0.000–0.000] | 0.000 [0.000–0.000] | 0.000 [0.000–0.000] |
| container memory.current peak MB (saturated) | 0.000 [0.000–0.000] | 0.000 [0.000–0.000] | 0.000 [0.000–0.000] | 0.000 [0.000–0.000] | 0.000 [0.000–0.000] | 0.000 [0.000–0.000] |
| peak threads | 111 [109–115] | 113 [107–143] | 104 [103–116] | 111 [102–134] | 99.0 [97.0–102] | 119 [100–135] |

done
